지점,일시,평균기온(°C),최저기온(°C),최저기온 시각(hhmi),최고기온(°C),최고기온 시각(hhmi),강수 계속시간(hr),10분 최다 강수량(mm),10분 최다강수량 시각(hhmi),1시간 최다강수량(mm),1시간 최다 강수량 시각(hhmi),일강수량(mm),최대 순간 풍속(m/s),최대 순간 풍속 풍향(16방위),최대 순간풍속 시각(hhmi),최대 풍속(m/s),최대 풍속 풍향(16방위),최대 풍속 시각(hhmi),평균 풍속(m/s),풍정합(100m),평균 이슬점온도(°C),최소 상대습도(%),최소 상대습도 시각(hhmi),평균 상대습도(%),평균 증기압(hPa),평균 현지기압(hPa),최고 해면기압(hPa),최고 해면기압 시각(hhmi),최저 해면기압(hPa),최저 해면기압 시각(hhmi),평균 해면기압(hPa),가조시간(hr),합계 일조시간(hr),1시간 최다일사 시각(hhmi),1시간 최다일사량(MJ/m2),합계 일사량(MJ/m2),일 최심신적설(cm),일 최심신적설 시각(hhmi),일 최심적설(cm),일 최심적설 시각(hhmi),합계 3시간 신적설(cm),평균 전운량(1/10),평균 중하층운량(1/10),평균 지면온도(°C),최저 초상온도(°C),평균 5cm 지중온도(°C),평균 10cm 지중온도(°C),평균 20cm 지중온도(°C),평균 30cm 지중온도(°C),0.5m 지중온도(°C),1.0m 지중온도(°C),1.5m 지중온도(°C),3.0m 지중온도(°C),5.0m 지중온도(°C),합계 대형증발량(mm),합계 소형증발량(mm),9-9강수(mm),안개 계속시간(hr)
119,2024-01-01,2.1,-2.2,759,6.5,1302,1.75,,,,,0,4.9,230,1437,3.3,200,1443,.9,797,-.4,64,1357,84.8,6,1022.7,1030.3,1019,1025.6,2348,1027.8,9.7,3.9,1200,1.35,7.5,,,,,,5.8,5.5,1.1,-7.6,0,.6,1.4,2,2.6,5.9,8.8,14.4,16.6,.8,1.1,0,
119,2024-01-02,2.5,.4,2215,4.8,1125,4.1,,,,,0,4.7,250,1529,3.2,290,1256,1.1,976,-1,58,1551,78.4,5.7,1018,1025.7,1,1021.2,2315,1023,9.7,.4,1100,.83,3.71,,,,,,9,7.3,1.8,-3.5,1.3,1.5,2,2.4,3.2,6,8.8,14.4,16.6,.6,.8,0,
119,2024-01-03,1.1,-.8,2335,3.8,1529,6.1,,,,,1.9,4.7,320,1442,3,320,2228,1,907,-1.3,65,2234,84.3,5.6,1015.3,1023,2355,1018.1,1357,1020.3,9.7,.2,1100,.79,3.22,,,,,,6.1,5.3,1,-7.5,1.7,2,2.5,2.8,3.4,6,8.6,14.2,16.5,.4,.6,1.9,
119,2024-01-04,1.2,-4.7,458,5.5,1525,,,,,,,5.3,180,1341,3.3,160,1412,1.5,1258,-3.2,56,1410,73.3,4.9,1017.7,1025.4,1009,1020.6,2337,1022.8,9.7,1.8,1100,1.48,6.93,,,,,,6.4,6.4,.9,-10.3,1,1.5,2.2,2.7,3.1,6,8.5,14.1,16.4,.9,1.3,,
119,2024-01-05,4.1,0,2356,9.3,1431,.38,,,,,0,7.9,230,1359,5,230,1359,1.7,1510,.7,60,1501,79.4,6.5,1015.9,1022.2,1029,1019.5,1444,1020.9,9.7,4.5,1400,1.39,7.19,,,,,,3.3,3.3,3.4,-5.9,2.7,2.7,2.8,3,3.2,6.1,8.5,14.1,16.5,1,1.4,,
119,2024-01-06,.4,-3.6,746,5,1416,2.55,,,,,.6,6.2,250,1438,4.1,250,1442,1.6,1345,-5.6,35,1645,67.5,4.1,1017.8,1024.3,924,1021.7,1402,1022.8,9.7,9,1200,1.84,10.77,2.1,2125,2.1,2125,2,1.8,1.8,1.2,-10.4,1.5,2,2.7,3.1,3.5,6,8.4,13.9,16.4,1.3,1.9,.6,
119,2024-01-07,-4.1,-7.5,2356,-1,1256,,,,,,,11.1,320,1425,6.3,290,1406,3,2604,-12.1,39,1506,55.6,2.5,1022.2,1029.7,2321,1023.8,1,1027.4,9.7,9.2,1300,1.88,11.27,,,2,1,,0,0,-.7,-10.2,.4,1.1,2.1,2.6,3.1,6,8.3,13.8,16.3,1.2,1.8,,
119,2024-01-08,-4.6,-10.4,513,0,1401,,,,,,,4.7,270,1607,3.1,270,1608,1.2,1054,-12.3,21,1420,57.5,2.4,1022.5,1030.1,904,1024.8,2230,1027.6,9.8,9.1,1200,1.95,11.41,,,,,,3.8,2.3,-2.3,-14.9,-.3,.5,1.5,2.1,2.5,5.9,8.1,13.6,16.3,1.2,1.7,.1,
119,2024-01-09,-.4,-2.5,1,.5,2220,16.43,,,,,3,3,140,506,2.2,160,508,.9,814,-3.1,56,37,83.1,5,1015.5,1024.9,1,1018.4,1424,1020.5,9.8,0,1200,.26,1.31,1.6,1840,1.6,1840,1.6,9.3,8.1,-.6,-4,-.2,.4,1.3,1.9,2.2,5.8,8.2,13.6,16.3,.3,.4,2.9,
119,2024-01-10,-1.3,-3.6,642,2,1541,,,,,,,4.1,90,842,2.8,230,1456,1.3,1152,-3.5,70,1544,85.1,4.7,1016.6,1023.3,1946,1019.6,48,1021.7,9.8,4.1,1400,1.52,6.46,,,1.4,1,,,,-.4,-9.1,-.1,.4,1.2,1.7,2.1,5.6,8.1,13.5,16.2,.7,.9,0,
119,2024-01-11,.8,-2.9,407,4,1605,1.25,,,,,0,5.1,160,1303,3,200,1438,1.5,1336,-2.2,68,1311,80.4,5.3,1014,1022.7,153,1016.7,2024,1019.1,9.8,.3,1200,1.03,4.96,,,,,,8.6,8.6,-.2,-5.9,0,.5,1.2,1.7,2,5.5,8,13.4,16.2,.6,.8,0,
119,2024-01-12,.8,-2.5,751,5.3,1413,,,,,,,8.3,250,1458,5.1,230,1603,1.5,1329,-5.5,28,1514,66.4,4.2,1015,1022.6,2356,1016.9,6,1020,9.8,9.1,1300,1.82,10.96,,,,,,0,0,1.4,-9.8,.2,.6,1.3,1.8,2.1,5.4,7.9,13.3,16.2,1.4,2,,
119,2024-01-13,-.2,-5.2,744,6.3,1535,,,,,,,4.9,290,1147,3,290,1151,1,821,-10.4,19,1517,48.9,2.8,1020.2,1026.9,1122,1022.4,52,1025.3,9.8,9.3,1200,1.95,11.37,,,,,,0,0,.7,-11.5,.1,.6,1.3,1.8,2.3,5.4,7.8,13.2,16.2,1.5,2.1,,
119,2024-01-14,-.7,-4.5,749,3.1,1200,4,,,,,2.5,7.9,290,1729,4.9,290,1738,1.7,1446,-3.9,55,1131,79.4,4.7,1017.6,1025.6,238,1018.8,1309,1022.6,9.8,1.3,900,.52,1.95,,,,,,5.3,4.5,-1.2,-9.8,-.1,.4,1.2,1.6,2.1,5.3,7.7,13.1,16.1,.6,.8,2.5,
119,2024-01-15,-3.2,-6.2,704,1.9,1549,,,,,,,6,290,1431,3.9,290,1439,2.2,1874,-13.1,25,1528,47.6,2.3,1023.9,1031.9,2307,1024.8,3,1029.1,9.9,9.4,1200,2,11.96,,,,,,0,0,-.4,-11.4,-.2,.3,1,1.5,1.8,5.1,7.5,13,16,1.3,1.9,,
119,2024-01-16,-2.7,-8.2,725,3.2,1614,,,,,,,4.9,90,1034,3.6,110,1048,1,831,-11.3,29,1514,54.3,2.6,1027.8,1034.7,1054,1031.4,48,1033,9.9,8.4,1100,1.81,9.89,,,,,,3.5,.3,-1.7,-13.4,-.5,0,.8,1.3,1.7,5,7.5,12.9,16,1,1.4,,
119,2024-01-17,.9,-4.5,36,2.6,1341,13.82,,,,,10.4,4.7,70,1522,2.8,90,1519,.9,794,-1.9,53,952,82.3,5.5,1021.1,1032.1,1,1021.5,2335,1026.2,9.9,0,1300,.58,2.28,,,,,,9.6,6.9,-.4,-10.2,-.3,.1,.7,1.2,1.6,5,7.4,12.9,16.1,.4,.5,11.6,
119,2024-01-18,4.9,1,821,8.8,1502,3.33,,,,,1.2,6.4,90,2102,3.3,110,1546,1.4,1212,1.7,67,1442,81.6,6.9,1018.6,1027.3,2350,1020.8,332,1023.6,9.9,4.2,1200,1.77,8.51,,,,,,7.8,6.9,3.6,-1,0,.3,.8,1.2,1.5,4.7,7.3,12.7,16,1.2,1.6,,
119,2024-01-19,6.4,4.8,113,9.5,1402,,,,,,,9.9,110,1732,6.5,110,1721,3.5,2999,-.9,51,1408,59.6,5.7,1023.1,1029.4,1051,1026.3,1428,1028.1,10,3.9,1200,1.98,9.25,,,,,,8,6.6,4.2,2.1,2.2,1.8,1.7,1.9,2.5,4.8,7.3,12.7,16,2,2.9,,
119,2024-01-20,3.8,1.8,2219,5.7,1053,12.07,,,,,1.4,9,90,1153,5.2,90,1155,3.2,2795,-1,52,1018,72,5.7,1020.8,1028.9,31,1024.1,1502,1025.8,10,0,1200,.55,2.31,,,,,,9.4,7.4,2.4,-.1,2.7,2.7,2.8,2.8,3.5,4.9,7.2,12.6,16,.6,.9,1.4,
119,2024-01-21,1.9,-2,2357,4.8,1149,6.45,,,,,0,8.5,290,2315,4.5,290,2145,2,1743,-1.6,61,1142,77.5,5.5,1021.1,1028.2,2330,1024.2,112,1026.1,10,0,1100,.77,3.79,,,,,,8.8,8.5,2.7,-2.4,2.6,2.8,2.9,3,3.5,5.1,7.1,12.6,15.9,.7,1,.2,
119,2024-01-22,-7.8,-11.2,2343,-2,1,15.22,,,,,.2,12,290,553,6.5,290,1241,4.3,3711,-13.3,52,1417,64.9,2.3,1024.1,1030.6,2154,1027.8,2,1029.3,10,6.1,1300,1.57,10.18,1.3,515,1.3,515,1.3,5.9,5.5,-1.6,-12.5,.1,1,2.1,2.6,3.1,5.1,6.9,12.3,15.7,.9,1.2,0,
119,2024-01-23,-10.8,-13.1,552,-8,1420,2.32,,,,,0,11.3,290,1915,6,290,1915,3.7,3219,-18.1,46,1253,54.9,1.5,1022,1029.2,1,1024.8,1557,1027.3,10.1,7.4,1200,2.06,11.7,,,,,,1.3,1.3,-6.1,-15.1,-1.7,-.3,1,1.6,2,5,6.9,12.1,15.7,1,1.4,0,
119,2024-01-24,-7.2,-11.3,4,-3.5,1624,,,,,,,12.2,290,1031,7.7,320,957,3.7,3231,-16.1,38,1130,49.6,1.8,1021.9,1029.1,2347,1025.5,1617,1027.2,10.1,9.4,1200,2.11,12.73,,,,,,0,0,-4.8,-14.3,-2.3,-.7,.3,1,1.5,4.9,6.9,12.1,15.7,1.3,1.8,,
119,2024-01-25,-5.1,-9.4,531,-.6,1502,,,,,,,7.2,230,1554,4.6,250,1603,1.8,1523,-14.9,27,1258,47.1,2,1024.3,1030.6,1002,1028.1,1407,1029.5,10.1,9.4,1200,2.09,12.67,,,,,,0,0,-2.6,-15.9,-2.1,-1,0,.6,1.1,4.8,6.9,12,15.6,1.3,1.9,,
119,2024-01-26,-2.4,-8.4,617,3.8,1439,,,,,,,7.8,230,1448,4.5,250,1457,1.2,1028,-8,41,1209,66.9,3.4,1024.6,1031.4,1052,1028.3,1356,1029.7,10.2,8.1,1200,1.97,11.15,,,,,,.6,.6,-1.5,-13.9,-1.7,-1,-.1,.5,1,4.5,6.8,11.9,15.6,1.2,1.7,,
119,2024-01-27,-1.5,-6.7,633,4.7,1451,,,,,,,7.1,290,1456,4.1,270,1502,1.3,1096,-6.5,35,1239,72.4,3.8,1022.9,1029.9,914,1026.3,1640,1028,10.2,8.9,1200,1.99,12.75,,,,,,1.3,.1,-.3,-12.8,-1.2,-.7,-.1,.4,1,4.3,6.7,11.9,15.6,1.4,2,,
119,2024-01-28,-1.9,-6.2,731,3.9,1534,,,,,,,5.9,230,1557,4.3,250,1559,1.3,1135,-6.7,47,1134,71,3.7,1024.4,1031.8,2353,1027.1,1,1029.6,10.2,5.5,1100,1.67,9.89,,,,,,2.6,2,-.7,-12.5,-1.1,-.7,-.1,.4,.8,4.2,6.6,11.8,15.5,1,1.4,,
119,2024-01-29,-1.1,-6.2,223,4.7,1452,,,,,,,5.5,320,1255,3.2,270,1433,1.2,1036,-6.3,41,1422,70.6,3.8,1026.7,1033.3,1048,1030.4,1546,1031.9,10.2,9.4,1200,2.06,13.47,,,,,,1.5,1.1,.1,-12.6,-1.2,-.7,-.1,.4,.9,4.1,6.5,11.8,15.5,1.3,1.8,,
119,2024-01-30,.2,-5.8,544,7.7,1618,,,,,,,4.6,140,1222,2.8,110,1228,.9,789,-6.8,29,1416,64.4,3.7,1024.2,1032.3,16,1026,2355,1029.2,10.3,9.5,1200,2.07,12.02,,,,,,2.4,1.1,.3,-12.5,-.9,-.6,-.1,.3,.8,4,6.4,11.7,15.4,1.4,2,,
119,2024-01-31,4.2,-1.7,2,11.5,1418,,,,,,,6.8,290,1505,4.3,320,1625,1.3,1130,-4.7,23,1342,55.8,4.3,1019.7,1027.2,213,1022.1,1458,1024.7,10.3,8.9,1200,2,12.19,,,,,,2.4,2,2.8,-6.6,-.2,-.3,0,.5,1,4,6.4,11.7,15.5,2,2.8,,
119,2024-02-01,1.9,-.5,411,6.7,1548,,,,,,,5.1,320,955,3.1,320,956,1.5,1304,-3.2,44,1511,69.6,4.8,1020.8,1027.3,813,1023.9,1416,1025.9,10.3,2.3,1100,1.45,7.63,,,,,,6.3,6.3,1.1,-7,-.2,-.3,0,.5,.9,3.9,6.2,11.5,15.4,.9,1.3,,
119,2024-02-02,1.3,-2.2,2351,5.9,1429,,,,,,,4.5,230,1716,2.9,320,1747,1.1,948,-3,51,1638,73.3,4.9,1022.9,1029.9,2349,1026.1,340,1027.9,10.4,3.7,1400,1.61,8.13,,,,,,6.5,4.8,2.5,-9.2,-.1,-.3,.1,.5,.9,3.8,6.1,11.5,15.4,1,1.4,,
119,2024-02-03,3.2,-3.3,224,8.2,1318,8.75,,,,,.6,6.8,90,1056,4.5,90,1119,1.3,1126,-.8,50,1252,77,5.8,1022.9,1029.9,1,1026.1,1633,1027.9,10.4,.2,1100,1.21,5.32,,,,,,8.9,4.1,.6,-9.3,-.2,-.2,.1,.5,1,3.8,6.1,11.4,15.3,.8,1.2,.6,
119,2024-02-04,6.5,1.5,118,10.9,1503,.73,,,,,0,7.3,90,2346,4.3,90,2147,1.6,1386,1,45,1451,71.1,6.6,1020.2,1027.8,926,1022.8,2359,1025.2,10.4,3.1,1100,1.95,9.07,,,,,,8.9,7.5,4.1,-1.7,.6,-.1,.3,.7,1.3,3.9,6,11.4,15.3,1.6,2.2,2.5,
119,2024-02-05,2.8,.6,2225,7.6,1,24,,,,,4.7,9.7,90,155,6.5,90,200,2.9,2484,.7,61,1,86.8,6.5,1016.5,1025.5,2400,1018.2,459,1021.6,10.5,0,1400,.66,3.45,.2,2350,.2,2350,.2,10,7.6,3,-.3,1.7,1.3,1.3,1.4,2.6,3.9,6,11.3,15.2,.5,.7,2.2,
119,2024-02-06,1.5,.4,127,3.7,1245,3.73,,,,,0,6,250,1517,3.5,250,1518,1.6,1405,-1.7,66,2120,79,5.4,1020.5,1026.9,940,1024.5,1439,1025.5,10.5,0,1200,.86,4.41,,,.2,1,,9.1,8.9,1.9,-1.7,1.7,1.8,1.9,2,2.8,4.1,5.9,11.2,15.2,.6,.9,0,
119,2024-02-07,0,-2.4,2355,2.9,1219,.25,,,,,0,5.6,230,1511,3.3,250,1515,1.5,1318,-3.4,60,1445,78,4.7,1019.1,1025.5,931,1023,1434,1024.2,10.5,.3,1200,1.4,5.14,,,,,,6.4,6.4,.7,-9.1,1.4,1.7,2,2.2,2.8,4.3,5.9,11.1,15.1,.6,.9,0,
119,2024-02-08,-.4,-4.8,549,5.6,1531,,,,,,,6.6,230,1429,3.9,230,1434,1.2,1013,-5.4,44,1638,71.8,4.1,1017.4,1023.9,810,1020.4,1625,1022.5,10.6,8.6,1000,1.94,13.43,,,,,,2,.5,1.8,-10.7,.8,1.2,1.7,2,2.5,4.4,5.9,11,15.1,1.4,2,,
119,2024-02-09,0,-4.1,734,5.8,1451,,,,,,,8.9,230,1528,5.4,230,1410,1.8,1522,-4.7,44,1507,72.1,4.3,1017.8,1023.9,2353,1021.5,1444,1022.9,10.6,8.2,1400,2.18,13.7,,,,,,2.5,1.6,1.4,-10.8,.7,1,1.5,1.9,2.3,4.4,5.9,10.9,15,1.5,2.1,,
119,2024-02-10,.5,-3.7,409,7,1323,,,,,,,8.2,270,1536,5.1,290,1516,1.6,1407,-4.2,27,1538,73.9,4.5,1019,1025.4,2206,1022.8,1421,1024.1,10.6,9,1300,2.12,13.19,,,,,,.3,.3,2,-9.8,.8,1.1,1.5,1.8,2.2,4.3,5.9,10.9,15,1.6,2.2,,
119,2024-02-11,.3,-5,656,6,1429,,,,,,,10.4,230,1440,5.1,250,1445,1.6,1419,-3.6,48,1438,77.3,4.7,1020.2,1028.3,2340,1022.5,1418,1025.3,10.7,6.5,1400,1.83,10.92,,,,,,1.8,1.8,1.3,-11.4,.5,.9,1.4,1.7,2.2,4.3,5.9,10.8,15,1.2,1.7,,
119,2024-02-12,2.8,-3.7,507,10.6,1553,,,,,,,5.4,160,1136,3.4,180,1141,1.4,1211,-3.6,27,1627,67.6,4.7,1024.2,1031.5,957,1027.9,1550,1029.2,10.7,9.6,1200,2.4,15.06,,,,,,0,0,3.2,-10.1,1.4,1.3,1.5,1.8,2,4.3,5.9,10.7,14.9,2,2.8,,
119,2024-02-13,7.6,-.1,544,14.1,1530,,,,,,,9.7,180,1228,5.7,180,1233,1.9,1666,2.2,55,1131,69.5,7.4,1020.8,1028.5,13,1023.9,1615,1025.8,10.8,5.7,1100,1.78,9.91,,,,,,2.5,2.5,3.5,-6.4,2.9,2.5,2.3,2.3,2.5,4.4,6,10.7,15,1.6,2.3,,
119,2024-02-14,11.6,7.5,329,18,1406,,,,,,,7.5,250,1435,5,250,1453,1.4,1245,7.9,61,1124,78.9,10.7,1016.2,1024.3,6,1018.4,1437,1021,10.8,4.7,1300,2.03,10.06,,,,,,7.5,7.1,9.6,4.3,6.6,5.6,4.5,3.8,3.7,4.5,6,10.7,14.9,1.6,2.3,.9,
119,2024-02-15,4.1,.1,2357,10.4,125,9.77,,,,,6.4,10,320,1046,6,290,1232,2.5,2133,1.8,60,2328,85.6,7.4,1015.6,1025.7,2232,1016.6,742,1020.5,10.8,0,1500,.41,1.64,,,,,,7.9,7.8,5.1,-4,5.7,5.9,5.7,5.2,5.4,4.7,6,10.6,14.8,.4,.6,5.5,
119,2024-02-16,1.3,-3.3,455,7.7,1624,,,,,,,6.1,230,1206,3.3,230,1211,1.3,1084,-3.4,43,1728,72.6,4.8,1020.1,1027.8,853,1022.5,1738,1025.1,10.9,8.6,1400,2.13,13.8,,,,,,1.6,1.6,3.1,-8.8,3,3.4,3.8,4.1,4.3,5.1,5.9,10.5,14.8,1.5,2.1,,
119,2024-02-17,3.2,-3.3,652,11.8,1626,,,,,,,8.6,200,1137,3.1,250,1704,1,883,-.4,45,1534,79.5,6,1017.4,1024,900,1020.6,1622,1022.4,10.9,6.7,1300,2.36,14.15,,,,,,1.5,1.4,4.3,-9,3.3,3.3,3.5,3.7,3.8,5.1,6,10.4,14.7,1.6,2.2,,
119,2024-02-18,5.9,-1.1,615,10,1515,9.4,,,,,17.8,6.3,90,2021,4.8,90,1952,2,1759,2.7,48,1402,82.9,7.7,1013.2,1022,1,1012.1,2359,1018.1,10.9,.9,900,.66,3.11,,,,,,7.3,6.3,3.2,-7.1,3.4,3.5,3.7,3.8,4.1,5.2,6.1,10.4,14.7,.7,1,28.4,
119,2024-02-19,8.3,4.1,2227,11.8,1034,16.18,,,,,10.9,7.8,250,1710,4.3,270,1713,1.8,1556,7.7,90,2350,96.3,10.7,1007.8,1019.6,2337,1008.7,552,1012.7,11,0,1400,.34,1.45,,,,,,9.8,9.5,7.9,3.8,6.8,6.2,5.5,5,5,5.3,6.2,10.5,14.7,.4,.6,.4,2.83
119,2024-02-20,5,2.9,647,7.6,1431,13.13,,,,,2.2,8.3,110,2336,5.8,90,2340,2.2,1902,2.8,78,2330,86.4,7.5,1018,1025.1,2136,1019.5,7,1023,11,0,1000,.47,2.02,,,,,,9.6,8.9,5,2.5,5.3,5.4,5.5,5.3,5.5,5.4,6.2,10.3,14.6,.6,.8,10.8,
119,2024-02-21,2.9,.8,2320,4.9,1,24,,,,,21.5,7.8,90,17,5,90,2,2.9,2521,1.5,78,18,90.9,6.8,1016.5,1023.7,9,1019.8,1517,1021.5,11,0,1400,.37,2.22,.3,2400,.3,2400,.3,10,8.4,3.4,-.2,4.3,4.6,5,5,5.2,5.6,6.3,10.2,14.5,.4,.5,20.6,
119,2024-02-22,.8,-.1,653,2,1432,20.5,,,,,7.9,8.7,90,1248,5,90,1254,2.4,2068,-1.7,71,1309,84,5.4,1022.2,1029.3,2135,1023.1,1,1027.3,11.1,0,1400,.4,2.46,5.6,655,5.9,655,5.6,9.8,8.8,1.3,-.3,2.5,3.2,3.8,4.1,4.4,5.6,6.2,9.7,14.5,.5,.8,.1,
119,2024-02-23,2.5,-.3,344,6.2,1516,4.17,,,,,0,8.3,90,1258,5.5,90,1320,2.9,2470,-3.6,49,1519,65.4,4.7,1025.4,1032.9,2120,1028.2,348,1030.4,11.1,5,1300,2.53,13.76,0,,3.8,1,0,7.8,7.4,3.9,-1,3.1,3.2,3.4,3.6,3.8,5.6,6.3,9.6,14.5,2,2.9,,
119,2024-02-24,2.2,-.1,605,6,1352,7.35,,,,,1.3,9.3,90,1119,5.8,90,1507,3.9,3327,-3.6,48,1346,67,4.8,1024.1,1032.8,335,1025.7,2327,1029.2,11.2,2.9,1100,1.92,10.2,,,,,,8.4,6.1,2.2,-2.1,2.9,3.2,3.6,3.8,4.1,5.4,6.3,9.6,14.4,1.3,1.8,2.8,
119,2024-02-25,2.6,-.1,2358,6.2,1725,10.35,,,,,1.5,6.3,320,1446,3.6,320,1425,1.5,1309,-.1,55,1729,83.1,6.1,1019.5,1026.9,2352,1023,1308,1024.5,11.2,1,1200,1.35,6.9,,,,,,6.8,6.4,3.1,-6.8,3.5,3.7,3.8,3.9,4.1,5.4,6.3,9.7,14.4,.9,1.3,0,
119,2024-02-26,3,-2.3,558,9.5,1517,,,,,,,7.7,320,1525,3.4,250,1659,1.3,1104,-1.9,35,1617,73.1,5.3,1023.4,1029.9,2359,1026.7,359,1028.4,11.2,8.1,1100,2.53,15.39,,,,,,2.8,2,3.9,-8.5,3.5,3.6,3.8,3.9,4.1,5.4,6.4,9.8,14.4,1.8,2.6,,
119,2024-02-27,5.4,.5,37,9.2,1501,,,,,,,8.7,90,928,5.4,90,928,2.5,2190,-4.2,38,1506,50.6,4.5,1025.2,1031.8,1018,1028.5,1647,1030.2,11.3,6.9,1300,1.94,12.76,,,,,,8,3.8,4.1,-6.7,3.7,3.8,4,4.1,4.3,5.4,6.3,9.7,14.3,2,2.9,,
119,2024-02-28,5.9,3.6,614,10,1542,,,,,,,5,290,1717,3.3,290,1716,1.6,1392,-1.1,46,1533,61.5,5.7,1023.5,1030.6,1010,1027,1748,1028.5,11.3,2.3,1300,1.97,10.01,,,,,,8.4,5.5,5.8,-2.1,5.1,4.9,4.7,4.6,4.7,5.5,6.4,9.8,14.3,1.3,1.9,,
119,2024-02-29,4.6,.9,2400,9.5,1538,,,,,,,9.4,320,2150,5.5,290,2257,1.8,1583,-1.8,34,2236,65.8,5.5,1018.3,1028,39,1019.7,1623,1023.3,11.3,.1,1100,.97,6.66,,,,,,8,3.4,4,-4.2,4.6,4.8,4.9,4.9,5,5.5,6.3,9.7,14.2,1.8,2.5,,
119,2024-03-01,-3.3,-6.5,2339,.9,1,,,,,,,13.7,340,1305,7.7,290,1206,4.6,4011,-16,24,1236,37.6,1.8,1020,1027.2,2259,1022.4,2,1025.2,11.4,10.3,1200,2.82,18.89,,,,,,.1,.1,1.4,-9.2,1.3,2.2,3.5,4.1,4.5,5.6,6.3,9.7,14.1,2,2.8,,
119,2024-03-02,-.7,-8.5,337,4.4,1503,2.15,,,,,0,10.8,200,1511,6.9,250,1507,2.9,2474,-8.2,44,1505,57,3.5,1016,1027.3,101,1017.1,2247,1021,11.4,6.5,1100,2.23,13.2,,,,,,4.4,4.4,.7,-14.6,.3,1,2.2,2.9,3.4,5.6,6.3,9.7,14.1,1.5,2.1,0,
119,2024-03-03,3.9,-.7,719,9.3,1451,,,,,,,9.4,290,230,5.6,290,247,2,1747,.3,58,1445,78.3,6.3,1013.4,1020.9,2356,1016.5,1450,1018.4,11.5,5.9,1400,1.85,11.53,,,,,,2.1,2.1,4.6,-7.9,2.7,2.5,2.6,2.8,3.2,5.4,6.4,9.7,14.1,1.3,1.8,,
119,2024-03-04,5.1,-2.3,659,11.2,1450,,,,,,,4.8,90,952,3.2,90,957,1.3,1092,-3.4,27,1320,59.4,4.8,1016.2,1024.2,908,1018.5,2357,1021.1,11.5,8.3,1200,2.66,16.48,,,,,,4.5,2.9,5.6,-8.1,3.8,3.6,3.5,3.5,3.7,5.3,6.4,9.7,14,2.4,3.4,,
119,2024-03-05,8.3,6.1,20,10.7,1432,.38,,,,,0,8.5,90,1140,5,110,1133,2.2,1922,-2,35,129,48.6,5.3,1010.3,1018.6,7,1011.6,1704,1015.2,11.5,0,1100,1.02,4.96,,,,,,9,5.1,5.6,3.3,5.2,5,4.7,4.5,4.7,5.4,6.4,9.7,14,1.4,2,,
119,2024-03-06,6.3,2.7,644,11.2,1327,,,,,,,5,90,1128,3.5,90,2225,1.7,1439,-1.2,42,1330,59.8,5.6,1012.1,1019.2,2354,1015.2,105,1017,11.6,3.1,1200,2.4,11.22,,,,,,5,4,6,-3.6,5.4,5.2,5,4.8,4.9,5.5,6.4,9.7,14,1.8,2.6,,
119,2024-03-07,4.3,1.7,2149,7.9,1250,,,,,,,8.9,250,1422,5.4,230,1148,3,2552,-3.3,38,1223,58,4.8,1012.8,1019.2,7,1016,1429,1017.7,11.6,5.3,1200,2.65,13.89,,,,,,4.6,4.6,5.7,-2.7,5.1,5.2,5.2,5.1,5.3,5.6,6.4,9.6,14,1.9,2.7,,
119,2024-03-08,2.4,-1,619,6.3,1431,,,,,,,12.4,250,1623,7,270,1751,3.4,2940,-7.9,25,1034,49.3,3.5,1014.1,1022.2,2350,1017.2,438,1019.1,11.7,10.7,1200,2.82,19.74,,,,,,1.1,1.1,5.6,-7.8,3.5,4,4.5,4.8,5,5.8,6.4,9.6,13.9,2.7,3.9,,
119,2024-03-09,1.3,-3.7,554,6.4,1451,,,,,,,7.3,290,1555,5,290,1547,2,1752,-8.3,26,1133,50.9,3.3,1019.8,1027.6,2332,1022.2,1,1024.9,11.7,11,1200,2.92,20.2,,,,,,0,0,6.2,-11.4,3.1,3.3,3.8,4.2,4.4,5.8,6.4,9.6,13.9,2.4,3.4,,
119,2024-03-10,3.1,-4.2,641,10.8,1428,,,,,,,8.1,290,1512,4.8,320,1514,1.5,1282,-5.6,20,1548,60.4,4.2,1023.7,1030.6,944,1027.4,1654,1028.7,11.8,11,1200,2.82,20.45,,,,,,1.1,0,7.1,-10.9,3.7,3.6,3.9,4.1,4.3,5.7,6.5,9.5,13.8,2.8,4,,
119,2024-03-11,5.9,.5,549,11.2,1723,,,,,,,6.1,250,1538,4.1,250,1538,1.3,1091,-1.2,30,1310,63.6,5.7,1015.7,1027.7,3,1016.7,2343,1020.7,11.8,.6,1400,1.43,8.41,,,,,,7,3.4,5.9,-5.8,4.3,4.3,4.4,4.5,4.7,5.7,6.5,9.6,13.8,1.3,1.9,0,
119,2024-03-12,5.7,2.1,2351,10.5,1613,4.35,,,,,2.4,7.7,290,1819,4.8,290,1824,1.3,1090,2.8,58,1614,82.5,7.5,1011.3,1019.7,2347,1014.4,1458,1016.2,11.8,1.1,1100,1.36,6.91,,,,,,5.9,5.1,5.6,-3.3,5.1,5.1,5,4.9,5,5.8,6.5,9.5,13.7,1,1.5,2.4,
119,2024-03-13,5.2,-.8,642,11.5,1304,,,,,,,9.3,270,1553,5.5,250,1306,2,1695,-1.6,26,1320,65.9,5.5,1016.3,1022.7,947,1019.7,1,1021.3,11.9,10.5,1200,2.91,20.04,,,,,,.4,0,6.7,-6.4,5,5.1,5,5,5.1,5.9,6.5,9.5,13.7,3,4.3,,
119,2024-03-14,7.1,.7,701,14.8,1449,,,,,,,7.2,320,1557,4.2,290,1557,1.9,1641,-.4,24,1742,65,6,1017.1,1023.8,2254,1020.6,1440,1022,11.9,10.9,1200,2.86,20.28,,,,,,0,0,10.1,-5.8,6,5.7,5.4,5.3,5.3,5.9,6.6,9.5,13.7,3.1,4.4,,
119,2024-03-15,7.6,1.5,607,14.6,1406,,,,,,,9.5,250,1506,5.3,250,1513,1.9,1661,1.5,29,1358,69.1,6.8,1019.6,1026,2354,1023,1609,1024.5,11.9,10.8,1200,2.88,20.09,,,,,,0,0,10.5,-4.9,6.7,6.5,6.2,5.9,6,6.1,6.6,9.5,13.7,3,4.3,,
119,2024-03-16,9.5,1.7,607,18.4,1402,,,,,,,8.3,290,1713,4.8,290,1735,1.5,1310,1.2,21,1619,62.8,6.7,1016.7,1026.3,307,1017.8,1632,1021.5,12,8.4,1200,2.86,17.95,,,,,,3.8,1.1,11.4,-4,7.8,7.4,6.8,6.5,6.4,6.3,6.7,9.5,13.7,2.8,4,.5,
119,2024-03-17,8.5,4.6,2351,11.8,1507,2.98,,,,,.5,10,320,1604,6.5,290,1547,3,2630,.5,36,1437,60.8,6.7,1012.8,1021.7,2358,1015.6,1453,1017.7,12,7.5,1300,2.63,15.49,,,,,,7.5,3.9,11.3,1.4,8.4,8.2,7.8,7.4,7.4,6.5,6.7,9.4,13.6,2.9,4.1,,
119,2024-03-18,6.3,-.2,656,13.2,1413,,,,,,,8.3,320,1442,4.9,290,1517,1.9,1625,-5.2,25,1642,45,4.2,1017.1,1024.8,839,1020.3,1640,1022.1,12.1,10,1200,3,20.84,,,,,,3,1.3,11.2,-7.8,7,7,7.1,7,7.2,6.8,6.8,9.5,13.6,3.2,4.6,,
119,2024-03-19,5.8,3.2,130,9.9,1244,1.55,,,,,1.9,13.9,290,1851,7.5,250,1349,3.7,3215,1.4,60,446,73.5,6.8,1011.4,1020.6,111,1012.2,1422,1016.3,12.1,3.6,1400,1.78,11.14,,,,,,7,5.6,7,-1.3,6.4,6.7,6.9,6.9,7.1,6.9,6.9,9.4,13.5,1.7,2.5,1.9,
119,2024-03-20,4.1,1,622,7.9,1442,,,,,,,11.1,230,1417,7.1,290,1101,3.7,3188,-2.5,39,1101,63.4,5.1,1015.9,1022.7,900,1017.5,8,1020.8,12.1,9.9,1000,2.52,18.77,,,,,,1.1,1.1,7.8,-5.1,5.3,5.6,6.1,6.4,6.6,7,7,9.4,13.4,2.2,3.2,,
119,2024-03-21,4.3,-2.4,555,10.6,1459,,,,,,,7.8,250,1516,4.7,250,1523,1.7,1491,-2.5,35,1230,63,5.1,1013.9,1021.4,20,1016.7,1635,1018.9,12.2,11.1,1200,3.05,21.06,,,,,,1.8,.6,9.3,-9.2,5.4,5.4,5.7,5.9,6.2,7,7.1,9.3,13.4,2.8,4,0,
119,2024-03-22,10.4,2.5,28,15.7,1302,3.57,,,,,2.1,11.2,180,1556,6.1,200,1559,3.2,2776,4.3,41,1125,67.9,8.8,1007.8,1018.7,204,1008.1,1659,1012.6,12.2,5,1000,2.32,12.25,,,,,,8,5.1,9.4,-2.1,7,6.7,6.4,6.4,6.5,7,7.2,9.3,13.4,2.3,3.2,2.1,
119,2024-03-23,12.9,8.8,2358,18.8,1502,,,,,,,8.5,250,8,5.9,230,14,2.1,1800,8.6,35,1338,78.4,11.3,1010.4,1017.6,2036,1009.7,1,1015.2,12.3,10.1,1300,3.01,21.01,,,,,,5.1,2.3,16.8,3.3,10.8,9.8,8.5,7.8,7.6,7.1,7.3,9.4,13.4,3.2,4.6,,
119,2024-03-24,15.1,7.4,409,22.5,1649,,,,,,,7.9,140,1018,5.4,90,1111,1.9,1663,9.3,21,1600,70.4,11.8,1011.7,1018.7,902,1013.4,1701,1016.5,12.3,8.7,1100,2.92,18.96,,,,,,4.3,1.9,15.9,2.4,11.2,10.6,9.7,9,8.8,7.4,7.4,9.4,13.4,3.1,4.5,,
119,2024-03-25,10.5,7.3,2355,14.2,1109,10.43,,,,,3.5,9,90,1914,5.5,90,1043,3.2,2725,,38,1205,,,1010.9,1017.7,936,1013.9,1441,1015.7,12.3,0,1000,.89,5.14,,,,,,9.5,7.3,10.3,4.6,9.9,10,9.9,9.5,9.5,7.7,7.4,9.4,13.3,.8,1.2,19,
119,2024-03-26,7,3.4,628,11.1,1548,9.5,,,,,15.7,6.2,90,8,3.5,110,1221,2,1724,3.2,54,1545,78.6,7.7,1015.2,1024.7,2301,1014.5,227,1020.2,12.4,2.7,1200,3.46,13.43,,,,,,8,6.3,9.1,1,8.9,9,8.9,8.8,8.7,7.9,7.4,9.2,13.2,1.7,2.4,.2,
119,2024-03-27,9.5,3.1,520,16.2,1524,,,,,,,6,200,1102,3.6,200,1037,1.4,1191,4.1,42,1517,72.1,8.2,1018,1025.4,917,1019.5,2346,1022.9,12.4,9,1100,2.62,18.46,,,,,,4.6,.8,11.4,-1.7,9.6,9.4,9.1,8.9,8.8,8.1,7.7,9.3,13.3,2.4,3.4,.9,
119,2024-03-28,9.7,7.7,2357,11.5,1709,11.85,,,,,2.2,6.3,290,2227,3.5,140,1218,1.7,1469,7.2,74,1,85.1,10.2,1005.6,1019.7,25,1005.4,1716,1010.4,12.5,0,1300,.67,4.77,,,,,,9.1,6.1,9.9,5.8,9.9,9.8,9.7,9.5,9.5,8.3,7.8,9.3,13.2,.9,1.2,1.3,
119,2024-03-29,7.4,3.9,2359,11.7,1705,4.32,,,,,1.9,12.9,230,1215,7,230,1217,2.5,2123,3.8,64,856,78.8,8.1,1003.1,1014.1,2359,1003.8,728,1007.9,12.5,3.3,1500,1.85,6.53,,,,,,4.6,3.1,8.1,-2.3,8.4,8.8,9.1,9.1,8.2,8.4,7.9,9.3,13.2,1.1,1.5,1.9,
119,2024-03-30,8.4,1.4,637,18.1,1400,,,,,,,9.6,250,1401,5.4,250,1410,1.9,1677,1,24,1323,64.6,6.6,1007.3,1014.9,214,1008,1508,1012.2,12.5,7.4,1200,3.05,18.15,,,,,,2.3,.9,9.4,-3.8,8.4,8.4,8.4,8.4,8.4,8.5,8.1,9.3,13.2,3.1,4.4,,
119,2024-03-31,9.7,1.2,526,16.9,1527,,,,,,,6.9,290,1446,4.5,290,1454,1.7,1498,-4.3,13,1326,43.5,4.7,1007.9,1015.9,828,1009,1655,1012.7,12.6,9.6,1200,3.18,22.08,,,,,,3,1.9,11.8,-5.1,9.1,8.9,8.7,8.6,8.7,8.5,8.2,9.4,13.1,4.1,5.8,,
119,2024-04-01,10.6,3,618,18.3,1305,,,,,,,7.4,230,1213,4.4,290,1448,1.5,1339,-2,12,1821,51,5.7,1010,1016.6,955,1012.7,1,1014.8,12.6,11.6,1200,3.14,23.24,,,,,,.3,0,13.8,-2.8,9.9,9.7,9.4,9.1,9.3,8.6,8.3,9.4,13.1,4.6,6.6,,
119,2024-04-02,14.3,4.4,502,23.3,1428,,,,,,,7.2,290,1457,3.9,290,1443,1.2,1057,,22,1544,,,1007.8,1015.5,810,1009.4,2344,1012.5,12.7,10.5,1300,2.93,21.99,,,,,,3.9,1,16.2,-1.7,11.3,10.7,10,9.7,9.6,8.8,8.4,9.4,13.1,2.7,3.8,1.8,
119,2024-04-03,14.7,12.8,112,16.3,1708,10.5,.5,800,2.4,1107,8.5,7.7,110,452,5.3,90,458,1.6,1365,11.1,61,407,79.6,13.3,1002.4,1010.2,2339,1004.5,1615,1007.1,12.7,0,1200,.78,4.53,,,,,,9.3,7.1,13.7,10.2,12.6,12.3,11.5,10.9,10.7,8.9,8.4,9.4,13.1,1,1.4,6.7,
119,2024-04-04,15,11.4,205,19.2,1258,,,,,,,7.1,110,1445,4.7,110,1450,2.5,2165,7.1,45,1435,61.1,10.2,1010.1,1018.9,2350,1009.5,117,1014.8,12.7,5.6,1200,2.81,17.09,,,,,,6.8,3.8,14.7,7.5,13.3,12.9,12.2,11.5,11.2,9.2,8.6,9.4,13.1,3.3,4.7,,
119,2024-04-05,13,8.2,2357,17.9,1449,,,,,,,8.2,250,1348,5.5,230,1355,2.5,2147,3.8,44,1616,54.4,8.1,1014.3,1020.7,2136,1017.2,1531,1019.1,12.8,6.4,1300,2.52,16.89,,,,,,5.5,4.5,13.2,2.6,12.9,12.8,12.4,12,11.7,9.6,8.7,9.4,13,2.8,4,,
119,2024-04-06,10.7,5.1,604,17.5,1405,,,,,,,6.6,250,1507,4,250,1415,1.3,1149,.8,25,1317,54.8,6.6,1014.6,1021.6,1001,1016.8,1812,1019.5,12.8,5.1,1500,2.01,15.47,,,,,,4.3,0,12.2,-.1,11.5,11.7,11.7,11.6,11.6,9.9,8.8,9.5,13,2.9,4.2,,
119,2024-04-07,13,4.2,617,22.8,1435,,,,,,,6.4,290,1720,3.7,270,1637,1.4,1248,1.3,21,952,51.6,6.9,1013.3,1019.9,814,1015,1559,1018,12.9,11.5,1200,3.14,22.9,,,,,,1.6,0,16.7,-.7,12.3,11.9,11.5,11.3,11.2,10.1,9.1,9.5,13,4,5.8,,
119,2024-04-08,14,8.3,603,21.5,1446,,,,,,,6,250,1458,3.2,290,1655,1.4,1200,,27,1317,,,1012,1018.5,2,1014.8,1544,1016.7,12.9,2.8,1400,1.8,13.85,,,,,,8.3,0,15.7,3.4,12.7,12.5,12.2,11.8,11.8,10.2,9.2,9.6,13,2.3,3.3,,
119,2024-04-09,14.4,8.1,425,20,1642,,,,,,,10.5,90,837,6.6,90,937,2.4,2040,-.5,21,1255,40.3,6.1,1015.6,1023.2,2400,1016,33,1020.3,12.9,11.7,1200,3.28,24.21,,,,,,.8,.1,17.4,3,13.1,12.8,12.4,12,11.9,10.3,9.3,9.6,12.9,5,7.2,,
119,2024-04-10,13.2,9.6,516,18.7,1558,,,,,,,7.7,290,1804,4.4,290,1711,2.1,1834,6.6,36,1,65.4,9.8,1020.1,1026.8,757,1023,1521,1024.9,13,3.8,1500,1.78,14.16,,,,,,7.4,3.5,15.5,4.1,13.1,12.9,12.6,12.3,12.2,10.5,9.5,9.6,12.9,2.2,3.1,0,
119,2024-04-11,14.7,10.4,301,21.1,1730,.82,0,,0,,0,5.5,270,1930,3.2,270,1932,1.1,932,,36,1654,,,1016.8,1025.1,14,1018.3,1724,1021.6,13,4.3,1200,2.46,14.68,,,,,,5.8,5.4,16.1,4.9,14,13.6,13,12.6,12.4,10.7,9.6,9.6,12.9,2.5,3.6,,
119,2024-04-12,16,9,240,23.5,1427,,,,,,,7.3,290,1535,4.3,270,1556,1.5,1299,8.8,28,1544,66.3,11.3,1013.7,1021,1,1015.7,1643,1018.4,13.1,10.6,1200,3.15,23.42,,,,,,3,2.8,20.5,4.5,15.2,14.5,13.7,13.1,12.8,10.9,9.8,9.7,12.9,3.7,5.3,,
119,2024-04-13,16.9,9,548,26.3,1409,,,,,,,7.4,290,1538,4.3,270,1603,1.5,1296,8.4,26,1244,62.3,11,1013,1019.6,839,1015.6,1459,1017.7,13.1,11.9,1200,3.26,24.48,,,,,,0,0,21.7,3.6,16.1,15.4,14.5,13.9,13.6,11.2,9.9,9.8,12.9,4.8,6.9,,
119,2024-04-14,18.6,9.5,613,27.9,1613,,,,,,,9,230,1631,5.3,290,1711,1.4,1202,7.1,23,1419,52.1,10.1,1011.8,1019.3,731,1013.7,1532,1016.4,13.1,11.6,1200,3.2,24.1,,,,,,3,0,22.5,4.5,16.9,16.1,15.3,14.5,14.2,11.5,10.1,9.8,12.9,5.3,7.6,3,
119,2024-04-15,15.1,10.7,1958,19.4,758,9.6,2.1,909,5.7,910,17.1,7.5,250,1645,4.5,110,1016,2.5,2118,11.4,44,418,81.4,13.7,1006.3,1014,1,1009,1529,1011,13.2,0,1100,.94,3.95,,,,,,9.1,7.4,15.1,9,15.4,15.6,15.4,14.9,14.9,11.7,10.2,9.7,12.8,.7,1,18.4,
119,2024-04-16,12.8,9.3,2355,18.1,1405,8.05,1.3,230,1.9,202,4.4,7.5,290,1428,4.4,290,1428,2.2,1910,9.5,53,1656,82.1,11.9,1007.8,1013.7,2050,1011.3,435,1012.6,13.2,6.7,1200,3.07,17.95,,,,,,4,2.4,15.7,5.4,14.8,14.7,14.5,14.3,14.1,12,10.4,9.7,12.7,2.7,3.9,.1,
119,2024-04-17,13.7,8,507,21,1426,,,,,,,7.7,230,1436,5,250,1443,1.8,1512,6.5,37,1615,65.9,9.7,1007.7,1015.2,520,1009.7,1748,1012.5,13.2,11.1,1100,3.17,23.37,,,,,,5.6,2.1,17,5.4,15.2,14.9,14.6,14.3,14.2,12.3,10.7,9.9,12.8,3.8,5.4,,1.12
119,2024-04-18,15,7.6,501,23.2,1504,,,,,,,8.6,290,1732,4.8,290,1733,1.7,1445,5.8,25,1645,59,9.4,1005.9,1013,2341,1008.2,1509,1010.6,13.3,11.7,1200,3.16,24.67,,,,,,0,0,19,3.7,15.5,15.2,14.9,14.5,14.5,12.4,10.8,9.9,12.8,4.8,6.8,,
119,2024-04-19,15.8,8,512,23.7,1422,,,,,,,7,290,1608,4.3,290,1612,1.5,1328,7,33,1202,58.9,10,1007.8,1014.3,912,1010.6,1530,1012.5,13.3,10.3,1100,3.07,22.6,,,,,,4.3,0,19.4,3.6,15.8,15.4,15.1,14.7,14.7,12.6,11,10,12.7,3.9,5.6,.1,
119,2024-04-20,14.2,13.1,1856,16.1,809,15.6,.6,1713,2.1,1643,6.3,10.2,70,1427,6.2,90,1351,2,1748,10.5,61,724,79.3,12.7,1005.5,1012.9,952,1008.1,1541,1010.2,13.4,0,1300,.88,4.46,,,,,,9.8,6,14,10,14.8,15.1,15.1,14.9,15,12.7,11.1,10,12.7,1.1,1.6,6.2,
119,2024-04-21,17,13.2,4,19.8,1355,1.92,0,,0,,0,8.4,90,1234,5.3,90,1234,2.4,2035,10.3,55,1809,65.9,12.5,1006.1,1012.6,2305,1009.3,224,1010.8,13.4,.2,1000,1.48,7.07,,,,,,9.3,7.4,15.4,12.6,15.1,15,14.8,14.6,14.4,12.9,11.3,10.1,12.7,2.2,3.1,0,
119,2024-04-22,18.3,14.1,616,23.4,1616,,,,,,,7.5,90,1247,4.6,140,1334,2.3,1945,7.1,37,1628,52.6,11.1,1008.3,1014.7,2201,1011.2,1615,1013,13.4,5,1300,3.27,20.56,,,,,,6.4,5.8,19.8,9.6,16.7,16.1,15.4,14.9,14.6,12.9,11.4,10.2,12.7,4,5.7,,
119,2024-04-23,16.3,12.3,2103,22.8,1402,4.05,.3,2007,.3,1917,.3,8.9,140,1009,5.8,90,1038,2.6,2227,,76,1926,,,1006.5,1014.7,1,1007.5,1654,1011.2,13.5,7.5,1200,3.39,20.59,,,,,,8.3,3.9,18.6,7.7,16.9,16.6,16.2,15.7,15.4,13.1,11.6,10.3,12.7,.3,.4,16.6,
119,2024-04-24,13.1,10.5,2355,17.5,1415,6.7,2.1,831,9,814,18.4,9,290,1719,4.9,270,1703,2.5,2168,9.1,61,1422,77.9,11.6,1003.5,1011.9,2342,1006.1,701,1008.3,13.5,5.8,1400,3.07,16.49,,,,,,7.4,6.9,16.4,10.4,15.6,15.9,15.9,15.7,15.5,13.1,11.6,10.2,12.6,2.4,3.4,2.1,
119,2024-04-25,13.5,9.7,443,21.1,1621,1.5,0,,0,,0,5.2,290,1627,3.1,320,1629,1.5,1339,9.1,42,1628,76.8,11.6,1007.3,1014.1,1027,1009.6,1713,1012.1,13.5,6.4,1300,3.4,19.51,,,,,,4.5,4.5,17.4,6.8,16.2,15.9,15.6,15.4,15.2,13.4,11.8,10.2,12.6,3.2,4.6,,
119,2024-04-26,16.3,9.2,455,24.4,1407,,,,,,,6.9,290,1912,4.2,290,1918,1.4,1247,8.5,28,1339,65.8,11.2,1005.6,1011.9,21,1007.8,1622,1010.3,13.6,10.8,1300,3.02,22.29,,,,,,4,0,18.1,5.6,16.9,16.5,16.1,15.8,15.6,13.6,12,10.4,12.6,3.8,5.5,,
119,2024-04-27,15.7,8.7,559,24.6,1538,,,,,,,6.9,290,1639,4.5,290,1647,1.6,1383,7.7,36,1621,65,10.5,1007,1013.8,2354,1009.4,1518,1011.7,13.6,12.1,1200,3.36,26.89,,,,,,.3,0,20.7,4.2,17.5,17.1,16.6,16.1,16,13.7,12.2,10.5,12.6,,,,
119,2024-04-28,18.3,8.7,524,27.7,1625,,,,,,,5.5,320,1649,3.3,290,1652,1.2,1021,8.8,19,1604,60.3,11.4,1008.1,1014.9,736,1011,1518,1012.8,13.6,11.7,1200,3.31,25.5,,,,,,5.4,0,21.7,4.3,18.3,17.6,17,16.5,16.3,14,12.3,10.6,12.6,4.7,6.7,,
119,2024-04-29,19.1,14.7,325,23.4,1525,,,,,,,8.4,140,1220,4.8,140,1220,2.2,1878,10,37,1223,57.5,12.3,1003.9,1011.6,40,1005.5,1623,1008.5,13.7,3.7,1100,2.57,16.73,,,,,,6.3,1.3,20,12,18.6,18.3,17.7,17.2,17,14.1,12.4,10.6,12.6,3.5,5,,
119,2024-04-30,16.2,12.4,2352,20.9,1421,,,,,,,6.3,290,1601,4.1,290,1602,1.9,1619,10.4,48,1257,69.9,12.7,1002,1009.3,2346,1004.9,1451,1006.7,13.7,5.1,1300,2.52,17.59,,,,,,8.1,2.9,20.7,8.9,18.5,18.2,17.8,17.3,17.1,14.4,12.6,10.7,12.6,3.2,4.6,,
119,2024-05-01,16.7,11.8,116,22.5,1535,,,,,,,8,110,720,4.5,90,754,1.9,1643,6.4,29,1544,54.1,9.8,1007.4,1016.6,2347,1009.1,142,1012.1,13.8,6.8,1200,3.27,20.77,,,,,,5,3.3,20.4,8.2,18,17.7,17.4,17.1,16.9,14.6,12.7,10.7,12.6,4,5.7,,
119,2024-05-02,16.1,10.3,357,22.3,1624,,,,,,,8.8,290,1300,4.7,290,1316,1.9,1600,6.9,31,1648,58.6,10,1013.7,1019.7,1014,1016.4,131,1018.4,13.8,12.4,1200,3.41,27.66,,,,,,0,0,21.9,5.5,18.1,17.7,17.4,17.1,16.9,14.8,12.9,10.8,12.6,5.1,7.3,,
119,2024-05-03,16.8,8.7,452,26,1510,,,,,,,6.8,270,1720,3.8,250,1641,1.5,1274,6.9,25,1411,56.8,10,1013.7,1020.7,648,1015.6,1537,1018.4,13.8,12.5,1200,3.41,27.18,,,,,,0,0,22.7,3.8,18.7,18.1,17.7,17.3,17.1,14.9,13.1,10.9,12.6,5.3,7.6,,
119,2024-05-04,19.1,10.6,504,27.3,1431,,,,,,,8,290,1503,5.4,290,1519,1.6,1341,7.9,27,1404,51.9,10.7,1011.3,1018.3,4,1014.1,1744,1015.9,13.8,12.4,1200,3.35,26.05,,,,,,1.9,1.1,23.8,6.1,19.7,19,18.3,17.7,17.5,15,13.2,11,12.6,4.8,6.8,4.3,
119,2024-05-05,17.2,15.3,358,19.3,203,19.65,2.6,2017,7.1,1928,45.5,9.6,200,2024,5.6,140,1633,2.9,2491,15.5,43,153,90.1,17.6,1004.4,1015.3,1,1004.6,1715,1009,13.9,0,1100,.55,3.34,,,,,,10,8.5,18.1,14.5,18.6,18.7,18.6,18.3,18.2,15.1,13.2,10.9,12.5,.8,1.1,45.6,
119,2024-05-06,14.2,13.3,2133,15.5,1,14.97,.7,143,1.7,355,6.6,8.8,250,1232,5,230,1134,2.8,2396,12.5,85,1214,90,14.5,1002.9,1008.7,2127,1005.7,14,1007.6,13.9,0,1200,.71,3.58,,,,,,9.4,8.8,15.4,13.1,16.6,17,17.4,17.5,17.6,15.5,13.4,11,12.5,.7,1.1,6.3,
119,2024-05-07,12.9,10.9,2334,14.6,1353,19.1,.7,1018,1.6,310,8.7,6.6,230,14,3.8,90,1156,2,1760,10.5,73,1321,86.3,12.7,1007,1017,2400,1007.8,219,1011.7,13.9,0,1100,.87,4.67,,,,,,9.9,7,14.5,9.9,15.3,15.7,16.2,16.5,16.6,15.5,13.6,11.1,12.5,1.3,1.9,4.6,
119,2024-05-08,13.9,7.7,523,20.2,1402,,,,,,,7.6,250,1619,4.4,290,1640,2.1,1783,5.7,35,1405,59.9,9.1,1013.5,1019.8,826,1016.5,1710,1018.3,14,12,1200,3.55,26.67,,,,,,2,.8,16.5,4.5,15.7,15.7,15.8,15.8,15.8,15.4,13.8,11.2,12.5,4.2,6,,
119,2024-05-09,15.2,8.4,411,21.7,1515,,,,,,,8.7,230,1534,5.7,250,1547,2.3,1972,7.3,33,1650,63.9,10.3,1013.9,1020.1,536,1016.4,1633,1018.6,14,12.7,1100,3.25,26.47,,,,,,1,.1,18,5.2,16.1,16.1,16.2,16.1,16.2,15.3,13.8,11.3,12.5,4.6,6.6,,
119,2024-05-10,16.7,10.9,547,23.6,1527,,,,,,,9,250,1631,5.7,230,1640,2.1,1839,6.5,23,1659,55.9,9.8,1013,1019.8,738,1015.9,1722,1017.7,14,12.5,1100,3.27,27.34,,,,,,3,0,20.6,7.2,17.3,17,16.8,16.5,16.5,15.2,13.9,11.4,12.5,5,7.1,,
119,2024-05-11,16.5,10.6,221,23,1227,9.25,1.6,1717,6.7,1717,23.5,15.4,200,1208,9.3,200,1208,3.3,2845,12.2,55,1220,77.8,14.4,1007.1,1017.1,1,1008.4,1904,1011.8,14.1,1.7,1200,2.06,10.45,,,,,,7.5,6.1,16.9,6.6,16.6,16.7,16.8,16.7,16.8,15.3,13.9,11.5,12.5,2.4,3.4,23.5,
119,2024-05-12,15.6,10.6,336,21.4,1411,,,,,,,10.1,290,1521,5.3,270,1532,2.1,1805,9.2,39,1346,68.8,11.7,1006.4,1013.1,2339,1009.4,1458,1011.1,14.1,11.7,1100,3.37,27.58,,,,,,4.1,1.9,18.7,7.1,17.2,17,16.8,16.6,16.5,15.4,14,11.5,12.5,4.5,6.5,,
119,2024-05-13,16.9,9.4,522,23.6,1322,,,,,,,8.8,290,1456,5.1,290,1737,1.8,1559,6.7,26,1537,55.6,9.9,1009.8,1015.7,842,1012.9,14,1014.5,14.1,12.9,1200,3.46,28.86,,,,,,.5,.4,20.9,5.9,17.7,17.5,17.2,17,16.9,15.5,14.1,11.6,12.5,5.6,7.9,,
119,2024-05-14,17.2,10,547,24.4,1526,,,,,,,7.6,230,1241,4.3,290,1648,1.7,1506,7.1,30,1218,56.1,10.1,1011.1,1017.1,727,1014.3,1732,1015.8,14.2,12.8,1200,3.52,28.8,,,,,,.1,0,21.8,6.4,18.3,18,17.7,17.4,17.3,15.5,14.1,11.7,12.5,5.6,8,,
119,2024-05-15,12.2,7.4,2213,19.2,1027,10.4,1,1442,3.9,1442,14.3,10,290,1330,6.9,290,1338,2.5,2136,8.5,49,837,79.8,11.1,1008,1016,21,1010,1817,1012.8,14.2,4,900,2.42,9.89,,,,,,6.3,5.1,15.2,7,16,16.7,17.3,17.4,17.6,15.7,14.2,11.8,12.6,1.8,2.5,14.8,
119,2024-05-16,13.2,6.9,458,19.5,1622,2.13,.2,,.4,-2357,.5,9.4,290,1202,5.1,270,1227,2.6,2289,5.3,23,1646,63.3,9,1005.7,1011.9,1,1008,1545,1010.4,14.2,12.8,1200,3.65,30.17,,,,,,.9,.9,17,5.3,15.1,15.2,15.7,16,16.2,15.7,14.2,11.8,12.5,5.3,7.5,,
119,2024-05-17,17.4,10.8,115,24.4,1549,,,,,,,6.9,230,1358,4.4,230,1415,2,1765,10.7,42,1249,67.5,12.9,1009.5,1016.7,2300,1011.8,1,1014.2,14.2,11.2,1200,3.42,26.06,,,,,,2.3,.6,20.2,6.7,17.5,17.1,16.7,16.5,16.5,15.6,14.4,11.9,12.5,4.5,6.5,,
119,2024-05-18,19.1,12.1,452,26,1502,,,,,,,7.5,290,1650,4.4,290,1733,1.7,1490,13.2,44,1412,71.3,15.2,1012.3,1018.6,803,1014.9,1535,1017,14.3,11.5,1300,3.33,25.91,,,,,,.8,.8,23.4,8.8,19.5,18.8,18.1,17.6,17.3,15.7,14.4,12,12.5,4.6,6.6,,
119,2024-05-19,20,13.7,536,26.7,1552,,,,,,,6.9,290,1422,4.4,290,1628,1.7,1437,13,19,1559,67.6,15,1010.5,1017.7,1,1013.1,1754,1015.2,14.3,12.5,1200,3.42,28.19,,,,,,1.4,0,25.3,10.7,20.9,20.2,19.4,18.7,18.2,15.9,14.5,12.1,12.6,5.1,7.2,,
119,2024-05-20,18.5,14.5,303,23.1,1459,,,,,,,6.8,250,1221,4.2,270,1619,2.1,1781,14.6,59,1221,79.1,16.7,1011.1,1018.4,2332,1013.3,132,1015.8,14.3,4.3,1000,2.42,18.71,,,,,,7,6.6,22.3,11.8,20.3,20.1,19.7,19.2,18.9,16.1,14.5,12.1,12.5,3.2,4.6,,
119,2024-05-21,19.7,15.2,202,27,1643,,,,,,,6,90,1255,3.6,140,1017,1.8,1582,14.5,40,1520,75.3,16.5,1013.8,1020.3,905,1015.9,1649,1018.5,14.3,8.2,1300,3.5,24.19,,,,,,4.3,4.1,25.4,14.6,21.7,21.1,20.2,19.6,19.2,16.4,14.7,12.2,12.6,4,5.7,,
119,2024-05-22,18.6,14.6,310,24.9,1520,,,,,,,6.3,320,1414,3.9,290,1423,1.7,1429,14.4,50,1512,78.3,16.4,1011.6,1019.2,1,1013.7,1811,1016.2,14.4,7.9,1100,3.14,21.33,,,,,,8.3,3.4,24,12.4,21.5,21.2,20.7,20.1,19.7,16.6,14.8,12.2,12.6,4,5.7,,.6
119,2024-05-23,18.7,13.6,515,25.3,1419,,,,,,,7.9,290,1603,4.5,290,1551,1.9,1665,13.2,46,1521,72.8,15.2,1007,1014,1,1009.2,1529,1011.6,14.4,13,1200,3.55,29.32,,,,,,2,1.4,26,10.7,22,21.5,20.8,20.3,19.9,17,15,12.4,12.6,4.8,6.9,,
119,2024-05-24,18.5,14.6,310,23.6,1640,,,,,,,6.2,290,1407,4,290,1336,2,1710,14.2,61,1235,76.9,16.2,1008.3,1015.1,2359,1011.6,1552,1012.9,14.4,8.3,1200,3.25,23.89,,,,,,5.1,5.1,25.8,14.8,22.2,21.7,21.2,20.7,20.4,17.2,15.2,12.4,12.6,3.8,5.4,,
119,2024-05-25,19.8,15.8,19,23.7,1622,,,,,,,5.7,160,1246,3.6,140,1137,1.7,1492,13,48,737,67.3,15.1,1010.4,1017,1108,1013.3,2336,1015.1,14.4,1,1300,2.05,13.52,,,,,,8.3,6.5,22.5,15.4,21.5,21.4,21.2,20.8,20.6,17.5,15.3,12.4,12.6,3.1,4.5,,
119,2024-05-26,19,16,2329,23.2,1117,8.85,1.5,1743,5,1713,10.3,9,290,2049,5.4,270,2028,2.3,2029,14.1,47,1106,75.4,16.3,1001.5,1013.3,1,1001.6,1832,1006.1,14.5,1.8,1000,2.01,9.67,,,,,,8.9,6.5,20.9,13.8,20.8,20.8,20.8,20.5,20.5,17.7,15.6,12.6,12.6,2.1,3,10.3,
119,2024-05-27,17.2,13.9,517,21.6,1523,,,,,,,11.4,290,1446,6.8,290,1438,3,2605,11.5,43,1433,71.1,13.6,999.6,1005.9,2227,1002.7,1,1004.2,14.5,11.8,1200,3.62,28.49,,,,,,5.5,1.3,21.8,11.5,20.2,20.1,20.1,19.9,19.8,17.8,15.7,12.6,12.6,4.7,6.7,,
119,2024-05-28,18.8,12.4,514,25.2,1659,,,,,,,8.9,90,910,4.9,90,916,1.8,1589,10.2,30,1703,61.5,12.5,1002.1,1010.6,2359,1004.9,110,1006.8,14.5,11,1100,3.49,27.61,,,,,,2.4,.9,24.4,9.6,20.7,20.3,20.1,19.8,19.7,17.9,15.9,12.7,12.6,5.3,7.6,,
119,2024-05-29,19.6,12.8,445,25.8,1336,,,,,,,7.3,290,1356,4.4,230,1317,1.7,1498,9.8,29,1359,56.9,12.2,1008.1,1014,2231,1010.6,1,1012.7,14.5,13,1200,3.49,28.89,,,,,,1.4,0,25.4,9.7,21.6,21.2,20.7,20.3,20,17.9,16,12.8,12.7,5.4,7.7,,
119,2024-05-30,19.9,14.6,127,25.3,1350,,,,,,,4,320,1411,2.8,320,1211,1.2,1043,10,30,1355,54.4,12.3,1006.7,1013.4,3,1008.7,1701,1011.3,14.5,1.4,1100,2.06,14.91,,,,,,8.5,4.3,22.2,11.4,21.2,21,20.8,20.6,20.4,18,16.1,12.8,12.7,3.4,4.8,,
119,2024-05-31,19.2,14,519,24.4,1514,1.13,0,,.4,2318,0,9.4,290,1050,5,290,1628,2.2,1886,11.3,32,1431,63.5,13.5,1005.7,1011.5,2204,1008.4,1521,1010.3,14.5,12.4,1200,3.65,29.99,,,,,,3.3,3.1,27.4,10.6,22.2,21.6,21,20.5,20.3,18.1,16.2,12.9,12.7,5.2,7.4,1.3,
119,2024-06-01,19,15.1,2342,24,1516,1.7,.5,103,1,5,1.3,9.6,290,1448,5.5,290,1632,2.6,2270,12.8,38,1526,70,14.9,1006,1011.7,714,1009.1,1831,1010.7,14.6,9.9,1200,3.54,27.1,,,,,,4.1,3.9,26.2,11.7,22.7,22.2,21.7,21.2,20.9,18.2,16.3,13,12.7,5.3,7.6,,
119,2024-06-02,19.2,12.8,506,25.1,1358,,,,,,,9.4,290,1631,5.2,270,1532,2,1762,10.3,33,1230,59.5,12.5,1005.5,1011.5,39,1008.3,1740,1010.1,14.6,13.2,1200,3.58,29.53,,,,,,1,.8,26.9,10,22.5,22.1,21.7,21.3,21,18.4,16.4,13,12.7,5.8,8.3,,
119,2024-06-03,20.9,13.1,451,27.1,1609,,,,,,,7.4,90,1503,3.8,110,1502,1.8,1561,8.9,26,1414,50.6,11.5,1006.1,1013.4,2348,1008.9,1644,1010.7,14.6,12.7,1200,3.45,28.87,,,,,,1,1,28.5,10.3,23.3,22.8,22.2,21.7,21.2,18.6,16.6,13.1,12.7,6.3,9,,
119,2024-06-04,21.4,14.6,535,27.7,1449,,,,,,,7.7,290,1457,4.6,270,1628,2.1,1778,7.8,26,1314,44.1,10.8,1011,1017.9,2325,1013.4,12,1015.6,14.6,13.3,1200,3.42,29.28,,,,,,0,0,29.4,9.6,24.1,23.5,22.8,22.3,21.7,18.8,16.7,13.2,12.8,6.2,8.8,,
119,2024-06-05,20.9,15.2,431,28.3,1315,,,,,,,6.8,290,1738,4,290,1632,1.6,1386,13.4,39,1322,65,15.4,1013.4,1019.5,808,1016.3,1713,1018,14.6,10.2,1200,3.04,23.75,,,,,,4.6,.3,27.7,12.3,24.3,23.8,23.2,22.7,22.1,19,16.8,13.3,12.8,4.3,6.1,,
119,2024-06-06,21.7,16.7,445,29.6,1555,.1,0,,0,,0,6.3,230,1904,4.4,290,1704,1.6,1359,13.6,34,1606,63.1,15.6,1011.8,1018.4,1,1013.5,1628,1016.4,14.6,10.9,1200,3.41,26.07,,,,,,4,.5,28.5,14.6,25,24.4,23.6,23,22.3,19.2,17,13.3,12.8,5.1,7.3,0,
119,2024-06-07,21.5,15.3,456,27,1513,3.92,0,,0,,0,4.8,270,1704,3.1,230,1357,1.4,1248,12.6,39,1321,59.5,14.6,1008.9,1016.4,28,1010.5,1719,1013.5,14.7,6.9,1100,2.39,20.19,,,,,,8.5,3,28.3,12.8,24.5,24.2,23.8,23.3,22.8,19.5,17.1,13.4,12.8,3.5,5.1,6.8,
119,2024-06-08,19.8,16.8,724,24.6,1647,6.63,2.4,917,6.9,827,13.4,5.8,320,1726,3.5,290,1714,1.5,1266,16,64,1547,79.4,18.2,1004.6,1012.4,111,1007.2,1654,1009.2,14.7,4.3,1200,1.91,12.58,,,,,,7.3,5.3,22.1,16.3,23.1,23.3,23.3,23,22.7,19.6,17.2,13.4,12.7,2.7,3.9,6.6,
119,2024-06-09,21.7,16.8,518,28,1558,,,,,,,7,290,1556,4.7,290,1656,1.5,1331,16.3,45,1605,73.3,18.5,1003.6,1009.2,2152,1006.8,1614,1008.2,14.7,11.7,1200,3.18,26.9,,,,,,4.4,1.5,26.5,15.6,24.1,23.7,23.1,22.7,22.2,19.8,17.5,13.6,12.8,4.8,6.8,,
119,2024-06-10,23.5,16.8,430,30.2,1420,,,,,,,8.2,250,1536,4.8,250,1513,2.1,1841,17.3,44,1422,70.8,19.8,1002.8,1009.7,412,1005,1459,1007.3,14.7,12,1200,3.15,25.84,,,,,,1.5,1.5,27.3,15,24.9,24.3,23.7,23.2,22.7,19.9,17.6,13.7,12.9,5,7.1,,
119,2024-06-11,23.9,19.2,2350,30.4,1455,,,,,,,7.3,320,1631,4.2,290,1636,2.1,1819,16.8,37,1514,66.9,19.2,1002.7,1009.1,806,1005.5,1511,1007.2,14.7,9.8,1200,3.3,25.75,,,,,,5.5,3,29.6,15.3,26.3,25.5,24.6,23.9,23.3,20,17.8,13.7,12.9,5.2,7.4,,
119,2024-06-12,23.2,16.6,419,31.2,1423,,,,,,,7,290,1508,4.2,270,1753,1.9,1672,15,33,1411,63.8,17.1,1001.3,1008.8,600,1003.7,1650,1005.8,14.7,11.9,1200,3.5,27.55,,,,,,3.1,.8,29.9,13.2,26,25.4,24.8,24.2,23.6,20.3,17.9,13.9,12.9,5.4,7.7,,
119,2024-06-13,24,17.5,517,31,1403,,,,,,,7.3,290,1640,4.6,290,1648,1.7,1449,15.7,28,1418,63.1,17.8,1000.2,1006.4,636,1003.3,1616,1004.7,14.7,12.7,1200,3.47,28.61,,,,,,1.4,.9,31.2,14.4,26.6,25.9,25.1,24.5,23.8,20.5,18,13.9,12.9,6.1,8.7,,
119,2024-06-14,24.4,18.4,515,32.1,1513,,,,,,,9.9,290,1627,6,290,1632,1.9,1666,16.5,33,1426,64.5,18.8,1000.7,1007.7,646,1003.5,1355,1005.2,14.7,12.1,1200,3.38,26.96,,,,,,5.4,1.8,31.8,14.9,27.3,26.6,25.7,25,24.3,20.8,18.2,14,12.9,5.4,7.6,,
119,2024-06-15,23.4,20,2350,27.7,1537,1.23,0,,0,,0,7.3,320,1601,4.4,250,1515,2,1747,18.4,55,1556,74.5,21.1,999.4,1005.9,1,1001.9,1623,1004,14.7,4.6,1500,2.61,17.9,,,,,,7.3,5.3,30.1,18.2,26.8,26.5,26,25.4,24.8,21,18.3,14.1,12.9,3.7,5.3,0,
119,2024-06-16,22.6,18.4,2358,27.9,1326,,,,,,,8.5,290,1445,5.1,290,1447,2.3,2017,15.2,40,1415,66.1,17.4,1002.2,1009.3,2152,1004.4,36,1006.8,14.7,11.6,1100,3.49,29.06,,,,,,4.1,3.3,31.7,13.6,27.1,26.5,25.9,25.3,24.6,21.2,18.5,14.1,13,5.9,8.4,,
119,2024-06-17,22.8,15.6,509,29.4,1347,,,,,,,7.3,250,1536,4.6,270,1439,1.8,1596,11.5,22,1714,54.3,13.8,1003.3,1010.2,620,1005.8,1741,1007.9,14.7,12.8,1200,3.18,27.16,,,,,,4,0,30.1,11.4,26.7,26.3,25.8,25.4,24.8,21.4,18.7,14.3,13,6.1,8.7,,
119,2024-06-18,23.9,17.1,513,30.7,1421,,,,,,,6.3,270,1414,3.8,270,1559,1.8,1576,16.3,31,1659,65.3,18.5,1002.6,1009.3,2216,1005.3,1526,1007.1,14.7,13.3,1200,3.46,29.06,,,,,,0,0,32.2,13.3,27.5,26.8,26,25.5,24.7,21.6,18.9,14.3,13,5.8,8.3,,
119,2024-06-19,26.8,18.6,449,35.1,1610,,,,,,,6,250,1301,3.6,250,1624,1.4,1239,17.4,21,1607,61,20,1003.6,1010.4,612,1005.7,1743,1008.1,14.7,12.5,1200,3.44,28.11,,,,,,4.1,0,34.6,15.2,29,28,26.9,26.1,25.3,21.7,13.1,14.4,13.1,5.9,8.5,,
119,2024-06-20,26.8,19.7,510,33,1349,,,,,,,8.8,140,1346,4.5,180,1932,1.6,1414,14.7,27,1315,50.9,16.8,999.8,1007.8,57,1001.2,1748,1004.3,14.7,10.3,1100,3.18,23.85,,,,,,3.3,0,32.4,16,29,28.4,27.6,26.8,26,22,19.3,14.5,13.1,,,,
119,2024-06-21,25.5,19,413,30.9,1230,,,,,,,6.5,230,1328,4.2,250,1336,1.9,1654,16.1,38,1337,58.3,18.3,998,1003.9,1,1001.2,1731,1002.5,14.7,11.3,1200,3.28,25.39,,,,,,5.8,1,31.9,15.3,28.7,28.1,27.4,26.8,26,22.3,19.4,14.6,13.1,,,,
119,2024-06-22,22.9,21.6,1123,25.4,813,16.03,4.7,1531,17.7,1253,72.8,6.3,110,1711,3.9,90,1728,1.7,1453,20.1,64,311,85.1,23.6,994,1003.6,3,994.9,1751,998.5,14.7,0,1700,.49,2.92,,,,,,9.9,8.6,24.4,21.6,25.6,26.1,26.5,26.5,26.2,22.4,19.5,14.6,13.1,.8,1.1,75.8,
119,2024-06-23,24.3,21.6,515,28.6,1437,6.62,.5,331,1.6,-2331,3.2,8.3,250,1750,4.7,250,1536,2.1,1780,20.9,63,1418,82.4,24.7,994.3,1001.8,2306,996.2,133,998.8,14.7,5.1,1300,3.14,19.66,,,,,,7.4,5.5,27,21.5,26.1,25.8,25.4,25.2,24.8,22.7,19.8,14.8,13.1,3.9,5.6,.2,
119,2024-06-24,23.1,19,2342,27.4,1211,,,,,,,10.2,250,1745,5.9,270,1707,2.7,2368,18.5,52,1552,76.4,21.5,999.3,1007.7,2343,1000.6,242,1003.8,14.7,9.4,1400,2.8,23.27,,,,,,5.3,2.8,26.3,16.8,26.3,26.2,26,25.6,25.3,22.6,20,14.8,13.1,4.4,6.3,,
119,2024-06-25,21.8,18,236,26,1300,,,,,,,9.5,230,1643,5.3,290,1511,2.3,1979,15.1,42,1248,68.6,17.3,1006.4,1014.1,2342,1007.6,30,1010.9,14.7,12,1200,2.9,24.58,,,,,,5.4,.3,25.3,15.1,24.7,24.9,25.1,25.1,24.9,22.6,20.1,14.9,13.1,4.8,6.8,,
119,2024-06-26,22.9,16.7,431,29.4,1616,,,,,,,6.3,250,1648,4.1,230,1446,1.4,1252,16.3,43,1404,68.6,18.5,1010.4,1016.6,702,1013.2,1603,1015,14.7,12.5,1100,3.36,27.36,,,,,,1.6,1.1,27.8,13.5,25.5,25.2,24.9,24.8,24.5,22.6,20.2,15.1,13.2,5.2,7.4,,
119,2024-06-27,23.9,17.6,422,29.2,1711,,,,,,,4.3,140,1835,2.7,110,1101,1.3,1088,16.5,40,1716,65.9,18.7,1007.1,1015.4,518,1008.8,1807,1011.7,14.7,8.9,1100,2.12,20.04,,,,,,3.6,0,26.7,14.4,25.5,25.4,25.2,25,24.8,22.6,20.3,15.2,13.2,3.9,5.6,,
119,2024-06-28,24.4,18.1,409,30.3,1502,,,,,,,6.2,270,1429,4,230,1424,1.6,1365,16.5,41,1711,64.1,18.8,1003,1009.2,1,1005.5,1547,1007.5,14.7,12.9,1100,3.42,27.41,,,,,,2,.5,29.6,14.6,26.4,25.8,25.4,25,24.6,22.6,20.4,15.3,13.2,,,,
119,2024-06-29,24.7,19.6,348,30.1,1439,6.67,4.3,2033,14.2,2007,29.5,10.2,160,1411,5.9,140,1416,2.3,2001,19.3,50,1307,74.1,22.7,998.5,1008.3,134,997.1,2358,1003,14.7,5.6,1100,3.25,18.85,,,,,,6.9,5,28.1,16.7,26.1,26,25.8,25.4,25,22.6,20.4,15.3,13.3,3.7,5.3,46.8,
119,2024-06-30,23.4,21.1,2339,25.3,1232,7.05,7.8,245,9.7,216,17.3,13.9,230,152,6.6,230,642,3.6,3119,21.1,75,1244,87.4,25.1,993.8,1002.3,2216,995.2,237,998.3,14.7,.6,1200,2.05,9.1,,,,,,8.9,7.8,24.5,19,25.2,25.3,25.4,25.3,25.2,22.8,20.4,15.3,13.2,2.2,3.2,0,
119,2024-07-01,25,20.5,312,30.4,1458,,,,,,,5.2,250,1900,3.3,290,1524,1.4,1205,19.4,47,1351,73.4,22.6,999.6,1005.8,2207,1002.2,1,1004.1,14.7,11.2,1200,3.52,26.89,,,,,,4.3,4.3,28.2,17.8,26.6,26,25.4,25,24.7,22.9,20.6,15.5,13.3,4.8,6.8,3.4,
119,2024-07-02,23,21.2,1021,24.8,2217,16.2,8.8,1056,24.8,1051,62.7,9.5,110,1022,5.8,90,1026,2.6,2239,21,75,612,89.5,24.9,999.7,1005.8,952,1002.5,1730,1004.2,14.7,0,1200,.26,1.92,,,,,,9.9,7.1,23.3,20.4,24.3,24.8,25.2,25.3,25.3,22.8,20.6,15.5,13.3,1,1.4,60.2,
119,2024-07-03,24.8,23.5,625,27.2,1422,1.43,.6,5,2.2,-2331,.9,8.8,270,1232,5.4,270,1442,2.7,2348,21.2,66,1358,81.3,25.3,1004,1010.8,2238,1003.7,49,1008.5,14.7,1.9,1400,2.41,13.84,,,,,,8.9,7.6,26.2,23.1,25.2,24.9,24.6,24.6,,,,,,,,,
119,2024-07-04,26.4,22.6,551,30.5,1502,1.07,2.3,2305,3.6,2216,3.6,10.2,200,2306,5.5,200,2305,2.4,2080,21.7,58,1409,76.5,26,1002.1,1010.8,523,1001.8,2348,1006.6,14.7,3.5,1200,2.82,18.49,,,,,,7.9,6.1,28.3,22.3,26.7,26.1,25.5,25.1,24.6,22.9,20.9,15.9,13.4,3.7,5.3,7.8,
119,2024-07-05,22.9,20.8,616,26.1,1526,3.25,2,32,4,-2342,4.2,11.8,200,152,6.9,230,147,2.7,2374,19.6,66,1754,82.4,22.9,1000.5,1006.7,2051,1001.3,54,1005,14.7,1.5,1500,2.01,12.28,,,,,,8.8,6.5,25.1,20.4,25.5,25.6,25.5,25.4,25.1,22.8,20.8,15.9,13.4,2.2,3.1,11,
119,2024-07-06,25.5,21.6,52,30.5,1351,6.12,4.7,358,9.8,357,11.8,12.5,230,1557,7,230,1657,3.2,2791,22.5,70,1353,84.3,27.4,998.8,1006,29,1001,1421,1003.3,14.6,1.2,1300,2.32,12.73,,,,,,9.1,6.9,25.8,20.1,25.6,25.4,25.2,25.1,24.8,23,20.9,16,13.4,2.8,4,.9,
119,2024-07-07,23.3,20.8,441,24.9,1517,10.78,.4,1709,1,1710,2.5,6,270,24,3.3,270,26,1.5,1287,21.7,82,948,90.9,26,1000.2,1006,1036,1003.8,1914,1004.8,14.6,0,1200,.98,5.56,,,,,,9.5,5.4,24.6,19.3,24.9,25.1,25.1,25,24.9,23,20.9,16.1,13.5,1.1,1.5,5,
119,2024-07-08,23.5,22.7,2307,24.4,1446,18.87,3.5,1129,10,1100,38.3,8,230,1541,4.5,230,1532,1.6,1410,22.6,89,1507,95.1,27.5,998.6,1004.9,43,1001.3,1741,1003.1,14.6,0,1400,.61,2.98,,,,,,9.8,8.8,24.6,22.2,24.7,24.8,24.8,24.8,24.6,23,21,16.2,13.5,.7,1.1,35.7,
119,2024-07-09,23.2,21.7,502,24.5,1258,9.1,1.7,2349,7.1,2329,8.5,7.9,140,1340,4.9,160,1340,1.5,1296,22,88,1517,93.3,26.5,999.9,1006.2,1442,1002.7,321,1004.5,14.6,0,1000,.52,4.46,,,,,,10,8,24.3,20.5,24.3,24.4,24.4,24.4,24.3,23,21.1,16.9,13.5,1.3,1.9,22.5,
119,2024-07-10,25.9,21.7,532,31.9,1405,5.97,1.3,20,7.1,-2331,14,9,290,1544,4.8,110,54,2.2,1883,21,49,1346,76.5,24.9,995.5,1003,11,997.2,316,999.9,14.6,10.2,1100,3.42,26.8,,,,,,6.9,5.4,28.6,21.3,26.5,25.8,25.1,24.6,24.2,23,21.3,16.9,13.6,4.9,7,,
119,2024-07-11,23.9,21.3,2330,28,1504,,,,,,,6.2,290,1707,3.7,290,1710,1.9,1624,21.1,70,1506,85.4,25.1,998,1003.6,817,1001.1,1900,1002.5,14.6,4.2,1300,2.73,17.14,,,,,,7.3,5.9,27.1,20,26.8,26.5,26.1,25.6,25.2,23,21.3,16.9,13.6,2.9,4.2,,
119,2024-07-12,24.4,20.5,230,29.8,1638,,,,,,,4.6,270,1739,3.1,270,1745,1.3,1119,21,60,1548,82.5,24.9,998.5,1004.4,2231,1001.7,1654,1003,14.5,4.1,1300,2.03,16.2,,,,,,5,4.8,26.1,18.6,26.4,26.2,26,25.6,25.3,23.2,21.3,16.9,13.6,3.2,4.5,,
119,2024-07-13,26.5,21.6,510,32.4,1455,.3,0,,0,,0,6.9,140,1514,4.4,110,1418,1.6,1393,21.5,43,1429,76.5,25.7,1001,1008.6,2239,1003.6,26,1005.5,14.5,9,1400,2.93,22.8,,,,,,2.9,1.9,29.4,19.8,27.4,27,26.5,26,25.5,23.4,21.4,16.9,13.7,4.6,6.5,0,
119,2024-07-14,27.5,23.6,158,31.1,1655,,,,,,,7.6,140,1520,5.3,160,1819,2.9,2471,21.1,53,1653,69.1,25,1004.8,1011.4,2241,1008,153,1009.3,14.5,8.9,1000,3.02,23.31,,,,,,3.6,1.9,30,22,27.7,27.5,27,26.5,26.1,23.5,21.5,16.9,13.8,5.3,7.6,,
119,2024-07-15,27.5,24.7,551,30.9,1548,.22,0,,0,,0,6.6,110,838,4.3,90,917,2.3,1992,21.2,57,1706,69.5,25.3,1006.7,1012.2,826,1009.5,1722,1011.2,14.5,5.3,900,2.34,18.11,,,,,,5.1,4.4,29.4,23.4,27.6,27.5,27.1,26.7,26.3,23.6,21.5,16.9,13.8,4,5.7,0,
119,2024-07-16,25.8,23.8,2234,30.1,1119,11.07,2.3,1356,5.7,2031,18,8.2,180,1233,4.9,140,821,2.4,2076,22.4,61,1103,82.6,27.1,1005.8,1011.6,22,1009.5,1719,1010.3,14.5,3.7,1000,2.65,11.57,,,,,,8,7,27.4,23.4,27,27.1,27,26.7,26.4,23.8,21.6,17,13.8,1.9,2.7,24.9,
119,2024-07-17,26.5,23.1,233,29.6,1432,8.7,2,126,3.7,121,6.9,10.6,200,1416,5.3,230,1453,3.1,2712,23.1,69,1418,82.6,28.3,1003.4,1010.6,18,1006,2352,1007.9,14.4,.1,1400,1.42,7.94,,,,,,9.3,8,26.1,23.2,26.2,26.2,26.2,26.2,25.9,23.9,21.7,17,13.8,2.2,3.1,110.4,
119,2024-07-18,24.3,22.5,901,26.8,221,15.67,17.8,605,40.4,402,151.9,12.7,250,601,6.4,230,613,2.4,2089,23.1,78,229,93.1,28.2,998.3,1006,1,998.6,1445,1002.8,14.4,0,1200,.49,2.63,,,,,,10,8.3,24.7,22.7,25.2,25.4,25.7,25.7,25.7,24,21.7,17.2,13.9,.9,1.2,41.5,
119,2024-07-19,26.5,24,406,30.9,1619,.45,0,,.1,,0,6.4,250,1457,4,230,1321,2,1736,23.1,59,1546,82.4,28.2,1001.3,1008.4,2323,1004.2,1411,1005.7,14.4,6.4,1200,2.79,20.57,,,,,,7.4,6,28.7,23.4,27.1,26.4,25.9,25.5,25.2,24,21.9,17.4,13.9,3.9,5.6,0,
119,2024-07-20,26.4,23.5,437,29.8,1550,5.37,7.4,1852,7.9,1814,10.2,16.4,230,1852,8,200,1855,2.8,2432,23.2,67,1551,83.4,28.5,1001.9,1009.8,911,1003,1815,1006.4,14.4,2.2,1400,2.39,14.25,,,,,,9.1,5.8,27.4,22.2,27,26.9,26.7,26.3,26,23.9,22,17.5,13.9,3,4.2,10.4,
119,2024-07-21,27.1,24,759,30.5,1646,2.47,.1,,.2,,.2,12.3,230,144,6.9,230,108,3,2554,23.1,69,1439,79.6,28.4,1003,1009.3,2355,1003.6,21,1007.5,14.4,2.9,1400,2.69,14.39,,,,,,8.8,7.3,27.7,23.2,27.1,26.9,26.6,26.3,26,24,22,17.5,14,2.9,4.1,2.9,
119,2024-07-22,27.7,25.6,610,29.8,1300,4.68,.7,533,14.7,2325,2.9,15.2,200,2337,7.2,180,2337,3.2,2763,24.2,71,1304,81.6,30.2,1001.3,1009.3,1,1001.5,2347,1005.8,14.3,.1,1200,1.75,8.16,,,,,,9.9,6.5,27.4,25.6,27.5,27.3,27,26.6,26.4,24.1,22.2,17.6,14.1,2.2,3.2,32.7,
119,2024-07-23,25.7,24.5,2129,27.4,1,14.47,13.5,9,16,1804,50.9,14.3,250,49,7.7,250,21,2.9,2513,24.2,80,1,92,30.3,1000.4,1006,842,1002.9,2,1004.9,14.3,.1,1300,.84,6.18,,,,,,9.3,6.1,26.2,23.6,26.5,26.5,26.5,26.4,26.3,24.2,22.2,17.7,14.1,1.2,1.8,20.1,
119,2024-07-24,27.5,24.6,1,31.8,1334,4.93,1.1,1622,1.1,1532,3,7.6,270,1422,4.6,230,1228,1.8,1546,25.1,68,1335,87.8,31.9,1000.3,1006.3,2339,1003.6,1530,1004.8,14.3,4.5,1200,2.99,17.79,,,,,,6.5,4.4,29,24,28,27.4,26.8,26.4,26,24.4,22.3,17.8,14.1,3.5,5,1.1,
119,2024-07-25,28.8,25.6,317,33.3,1611,.47,2.2,2118,2.2,2028,2.2,8.4,160,2003,4.8,160,2004,1.8,1520,24.5,60,1205,78.9,30.7,1001.9,1008.8,2345,1004.9,1732,1006.4,14.3,7.2,1300,2.6,20.83,,,,,,7.9,4.5,29.7,24.6,29.3,28.6,27.9,27.2,26.7,24.4,22.5,18,14.2,4.2,6,2.2,
119,2024-07-26,28.8,25.5,526,33.2,1337,4.03,.2,,.2,,.3,12,160,1545,5.9,140,1347,2.7,2300,24.5,59,1338,78.4,30.7,1005.5,1013.3,2323,1007.8,342,1010,14.2,5.1,1000,2.31,15.33,,,,,,7.9,4.9,29.5,24.4,28.8,28.7,28.3,27.8,27.4,24.6,22.5,18,14.2,3.4,4.9,.3,
119,2024-07-27,28.2,26.5,354,32,1258,3.05,4,1529,5,1643,10.3,10.1,180,1400,4.9,160,1318,2.4,2071,25.2,64,1253,84.5,32,1009.9,1015.8,2148,1012.9,20,1014.4,14.2,3.2,1200,2.06,15.53,,,,,,7.9,4.5,29.9,25.7,28.9,28.6,28.3,27.8,27.4,24.8,22.6,18.1,14.3,3.2,4.5,10.3,
119,2024-07-28,29,26.7,420,32.7,1413,,,,,,,11.9,250,1459,7.1,250,1503,2.9,2464,23.8,56,1334,74.9,29.6,1008.4,1015.6,7,1011.3,1750,1012.9,14.2,8.4,1300,2.7,20.75,,,,,,7.8,3.8,29.9,25.3,29.3,28.9,28.5,28,27.6,25,22.7,18.1,14.3,4.2,6,,
119,2024-07-29,27.4,25.9,130,29,1405,.25,0,,0,,0,10,230,856,5.4,230,905,2.9,2474,24.3,76,903,83.5,30.3,1005.1,1012.1,114,1007.7,1747,1009.6,14.1,.4,800,.97,6.2,,,,,,8.4,8.4,27.8,24.5,27.9,27.9,28,27.8,27.7,25.1,22.8,18.1,14.3,1.5,2.1,0,
119,2024-07-30,28,25.9,432,32.3,1622,1.33,0,,0,,0,5.5,230,136,3.7,230,1235,2.2,1922,24.3,64,1421,80.8,30.3,1003.3,1008.8,812,1006.3,1717,1007.8,14.1,3.9,1300,2.47,15.07,,,,,,6.6,6.6,29.1,25.5,28.2,27.8,27.5,27.3,27,25.1,22.8,18.1,14.4,3.3,4.7,0,
119,2024-07-31,28.8,26,504,33.4,1616,,,,,,,5.6,140,952,3.5,160,924,2.1,1804,24,59,1617,76.8,29.9,1002.3,1008.7,555,1004.9,1720,1006.8,14.1,5.6,1000,2.21,18.79,,,,,,6.4,6.4,30.3,25.7,28.8,28.5,28.1,27.7,27.3,25.2,22.9,18.2,14.4,3.9,5.5,0,
119,2024-08-01,29.3,26.2,128,33.4,1457,1.4,0,,0,,0,6.3,230,1343,3.8,230,1411,2,1728,24.9,62,1454,77.9,31.5,1000.4,1006.6,122,1002.7,1625,1004.8,14.1,5.2,1400,2.85,19.01,,,,,,6.8,6.8,32.5,24.7,29.4,28.9,28.5,28.1,27.6,25.2,23,18.2,14.5,3.8,5.5,,
119,2024-08-02,29.2,26.7,542,33.2,1502,.83,0,,0,,0,6.4,200,1503,3.9,250,1508,2.2,1862,25.6,64,1503,81.5,32.8,1000.2,1006.9,2357,1003.3,1550,1004.7,14,5.1,1300,2.65,16.4,,,,,,7.4,6.5,32.9,26.5,29.8,29.3,28.9,28.4,28,25.4,23.1,18.3,14.5,3.4,4.9,0,
119,2024-08-03,29.5,26.1,416,34.3,1438,,,,,,,7.1,290,1538,4.2,290,1541,1.6,1364,24.4,56,1357,75.5,30.5,1003,1008.6,2204,1006.1,1645,1007.5,14,10.4,1200,3.42,24.31,,,,,,2.5,2.5,34.7,24.6,30.7,30,29.3,28.8,28.2,25.6,23.2,18.4,14.6,4.7,6.8,,
119,2024-08-04,30,24.9,528,35.7,1526,,,,,,,5.6,290,1632,3.3,290,1634,1.4,1195,24.2,52,1250,73,30.2,1003.3,1008.9,537,1005.9,1710,1007.8,14,10.6,1000,2.86,22.17,,,,,,3.3,2.1,34.2,23.8,30.7,30.2,29.7,29.1,28.7,25.8,23.3,18.4,14.6,4.5,6.5,,
119,2024-08-05,29.4,25.2,2328,35.2,1552,5.8,.4,2153,1.4,2128,1.5,8.2,160,1831,4.2,270,1650,2,1714,24.7,54,1618,77.5,31.1,1003.2,1009.6,2135,1005.8,1508,1007.7,13.9,6.8,1200,3.02,21.09,,,,,,7.1,6.3,35.2,25.1,31.2,30.7,30.1,29.6,29.1,26,23.4,18.5,14.7,4.1,5.9,42.1,
119,2024-08-06,27.7,23.1,821,33.1,1531,1.88,17.5,802,40.4,744,40.6,10.2,160,800,4.3,180,804,1.4,1186,23.7,57,1735,80.5,29.4,1003.5,1010.9,759,1006.1,1738,1007.9,13.9,6.4,1300,2.93,18.03,,,,,,5,2.1,29.6,22.3,29.4,29.5,29.5,29.3,28.3,26.4,23.4,18.4,14.7,3.6,5.1,0,
119,2024-08-07,29.2,25.4,436,33.7,1521,.47,0,,0,,0,6,320,1730,3.5,290,1742,1.5,1308,24.1,47,1526,75.8,29.9,1001.8,1008,1002,1004.3,1720,1006.3,13.9,9.4,1100,3.28,22.81,,,,,,4.1,2.6,31.6,24.5,30.4,30.1,29.7,29.3,28.9,26.3,23.7,18.6,14.8,4.3,6.2,1.8,
119,2024-08-08,26.9,23.9,607,30.9,1641,3.57,1.1,549,1.7,508,1.8,8.2,230,538,4.4,230,546,1.4,1184,23.7,65,1555,83.9,29.4,1000.8,1006.4,719,1003.7,1653,1005.2,13.8,2.5,900,2.12,13.69,,,,,,7.1,2.8,28.9,23.6,29.4,29.6,29.5,29.3,29,26.4,23.7,18.6,14.8,2.7,3.9,0,
119,2024-08-09,27.8,23.7,406,32.8,1519,,,,,,,5.7,290,1606,3.5,290,1613,1.4,1171,23.5,56,1511,79,29,1000.1,1005.9,553,1003.1,1544,1004.5,13.8,8.1,1100,3.01,21.66,,,,,,3.9,2.8,30.6,22.4,29.6,29.4,29.2,28.9,28.6,26.5,23.9,18.7,14.8,4,5.8,,
119,2024-08-10,28.9,24.6,422,33.6,1351,,,,,,,6.6,180,1223,3.9,160,1229,1.4,1189,23.8,51,1318,75.8,29.5,998.8,1004.9,721,1002,1611,1003.3,13.8,7.3,1300,3.36,22.29,,,,,,4.8,1.6,32.7,23.4,30.2,29.8,29.5,29.1,28.7,26.5,24,18.8,14.9,4.5,6.5,,
119,2024-08-11,29.6,26.2,500,33.5,1507,,,,,,,6.1,160,1056,3.8,140,808,1.6,1375,24,54,1231,73.3,29.8,998.3,1003.8,811,1001.6,1559,1002.8,13.7,5.9,1000,2.95,19.68,,,,,,4.4,2.9,33.6,25.3,30.5,30.2,29.8,29.4,29,26.6,24.1,18.9,14.9,,,,
119,2024-08-12,30,26.3,428,34.7,1530,,,,,,,5.8,230,1243,3.4,250,1609,1.4,1229,24.8,52,1518,75.3,31.3,1000.2,1006.7,2347,1003.2,214,1004.6,13.7,7.6,1400,2.77,20.32,,,,,,3.8,3.8,34.3,25.2,31.1,30.5,30,29.6,29.2,26.7,24.2,18.9,14.9,4.1,5.9,,
119,2024-08-13,29,26.7,2219,34.3,1415,1.72,6,1631,19,1606,19,7.1,340,1650,4.6,320,1653,1.2,1053,25.4,56,1406,81.8,32.4,1003.4,1009.1,924,1006.5,3,1007.8,13.7,3.2,1200,3.1,13.36,,,,,,6,5.4,31.7,25.8,30.8,30.5,30.2,29.8,29.5,26.8,24.2,19,15,2.9,4.1,19,
119,2024-08-14,29.5,26.4,2359,34.6,1419,1.1,1.4,1820,1.6,2315,3,10.2,320,1825,4.1,290,1832,1.6,1370,24.4,49,1417,76,30.6,1003.3,1009,729,1006,1633,1007.8,13.6,7.9,1100,3.08,20.16,,,,,,4.6,4.6,31.2,25.4,30.7,30.4,30,29.7,29.3,26.9,24.4,19.1,15,4.1,5.8,3,
119,2024-08-15,29.2,25.6,46,34.5,1622,1.03,2.7,1931,3.3,1853,3.3,7.3,290,1732,4.2,290,1729,1.5,1337,23.9,51,1402,75.1,29.7,1003.2,1008.9,825,1005.6,1704,1007.7,13.6,9.6,1300,3.1,23.24,,,,,,4.4,3.3,31.9,25.1,30.5,30.4,30.1,29.8,29.4,27,24.4,19.1,15.1,4.7,6.8,3.3,
119,2024-08-16,29.2,25.3,543,33.7,1610,,,,,,,5.4,290,1712,3.5,270,1716,1.7,1467,23.2,51,1606,71.4,28.4,1004.2,1009.9,2311,1006.8,1624,1008.7,13.6,9.2,1200,3.23,19.73,,,,,,3.1,2.1,30.6,24.4,30.5,30.4,30.2,29.9,29.6,27,24.5,19.2,15.1,4,5.7,,
119,2024-08-17,29.7,26.8,546,34.5,1531,,,,,,,6,270,1730,3.8,290,1740,1.7,1479,23.3,49,1520,69.9,28.7,1005.7,1011.5,804,1008.5,1541,1010.2,13.5,7.4,1100,2.91,20.63,,,,,,6.1,5.1,33.4,25.7,30.7,30.4,30.1,29.9,29.5,27.1,24.6,19.3,15.2,4.2,6,0,
119,2024-08-18,28.5,25.8,541,33.7,1448,.42,0,,0,,0,6.4,140,18,3.7,160,25,1.6,1381,23.9,56,1536,77.5,29.7,1005.1,1011.4,208,1007.3,1541,1009.5,13.5,6.5,1100,2.87,19.24,,,,,,4.8,3.1,33.5,25.1,30.8,30.5,30.2,29.9,29.6,27.2,24.7,19.4,15.2,3.7,5.3,0,
119,2024-08-19,29.4,25.5,355,34.6,1625,,,,,,,6.2,230,1732,3.5,270,1817,1.6,1399,23.9,46,1434,74.5,29.8,1003.8,1009.4,1,1006.2,1626,1008.3,13.5,11.2,1200,3.35,24.95,,,,,,1.9,1.4,35.3,24.8,31,30.6,30.2,29.9,29.5,27.3,24.8,19.5,15.3,5.3,7.6,,
119,2024-08-20,30.4,26.3,315,34.3,1606,.23,0,,0,,0,8.6,180,1912,4.5,180,1920,2.6,2209,24.2,55,1515,70.8,30.3,1004.3,1010.1,939,1006.7,1816,1008.7,13.4,8.6,1100,2.61,19.24,,,,,,5.1,2.9,34,25.3,30.9,30.7,30.5,30.1,29.8,27.3,24.9,19.5,15.3,4.2,6,46.9,
119,2024-08-21,27.5,26,621,30.1,1,12.77,6.9,555,21.5,538,50.4,9.9,200,1107,5.1,110,37,2.6,2261,25.4,71,1,88.6,32.3,1003,1009,116,1006,511,1007.5,13.4,.5,1600,1.15,5.05,,,,,,8.9,5.9,28,26,28.8,29.3,29.7,29.7,29.1,27.7,24.9,19.5,15.3,1.5,2.2,6.2,
119,2024-08-22,27.9,25.8,2357,30.6,1318,4.9,2.7,28,2.7,,3.5,10.5,180,1247,6.2,180,1224,3.1,2654,24.7,71,915,83.3,31.1,1000.3,1008.1,24,1002,1510,1004.7,13.4,3.2,1100,1.62,11.01,,,,,,7.5,5.8,28.5,24.7,28.6,28.7,28.9,28.9,28.8,27.4,25,19.7,15.4,2.2,3.2,4.2,
119,2024-08-23,26.8,24.5,812,30.8,1353,.7,3.4,800,3.4,710,3.4,6.8,230,1359,3.8,230,1402,1.8,1518,23.6,65,1419,83.6,29.1,1004,1010.3,2358,1007.2,1,1008.5,13.3,4.2,1200,2.81,16.4,,,,,,5.4,4.4,28.6,23.7,28.7,28.6,28.6,28.6,28.4,27.2,25.1,19.7,15.4,3.1,4.4,,
119,2024-08-24,27.3,24.8,418,31.3,1520,.15,0,,0,,0,5.3,290,1653,3.7,250,1355,1.4,1169,23.8,61,1638,82,29.4,1005.8,1011.7,923,1008.8,1711,1010.3,13.3,4.3,1400,2.23,15.34,,,,,,5.3,4.8,30.1,24.1,28.9,28.8,28.7,28.6,28.5,27.1,25.1,19.8,15.4,2.9,4.2,0,
119,2024-08-25,27.3,23.7,539,32.2,1351,1.3,.6,1452,1,1442,1,5.8,320,1634,3.3,270,1641,1,861,23.7,56,1338,82.4,29.4,1004.6,1010.6,702,1007.7,1806,1009.1,13.2,6.7,1000,2.34,17.42,,,,,,4,2.5,29.3,23.1,29.1,29,28.8,28.7,28.5,27.1,25.2,19.9,15.5,3.1,4.5,1,
119,2024-08-26,27.3,24.6,417,30.6,1413,,,,,,,4.2,320,1720,2.6,320,1747,1,853,23.7,63,1900,81.5,29.2,1002.5,1008.5,1,1005.6,1349,1006.9,13.2,.2,1100,1.53,10.47,,,,,,7.9,3.4,28.9,24.2,28.9,28.9,28.9,28.8,28.6,27,25.1,20,15.5,2,2.8,0,
119,2024-08-27,26.1,24.6,2347,29,1656,7.25,.1,946,.1,856,.1,5.9,110,1459,3.7,110,1440,1.4,1229,21.3,57,916,75.8,25.4,1002.2,1008.9,2305,1005,325,1006.7,13.2,2.8,1400,1.62,8.14,,,,,,6.8,3.9,26.8,22.4,27.7,28,28.4,28.4,28.4,27,25.1,20,15.5,2.3,3.3,.1,
119,2024-08-28,27.8,21.9,531,32.4,1537,,,,,,,7.1,90,1332,5,110,1237,2.6,2258,19.9,49,1503,63.8,23.3,1004,1010,759,1006.8,1649,1008.4,13.1,11.8,1200,3.19,24.4,,,,,,.4,.4,31.2,20,27.8,27.8,27.8,27.9,27.6,26.9,25.1,20.1,15.6,5.5,7.8,,
119,2024-08-29,28,23.1,544,32.5,1420,,,,,,,6.5,50,1857,4.1,90,1136,2.3,2025,19.7,49,1407,61.6,23,1002.4,1008.9,742,1004.6,1547,1006.9,13.1,11,1200,3.21,23.28,,,,,,1.3,1.3,32.3,20.4,28.5,28.3,28.2,28.1,27.8,26.8,25.2,20.2,15.7,5.2,7.4,,
119,2024-08-30,27.2,23,434,32.6,1509,,,,,,,7.2,250,1748,5.1,250,1528,1.9,1607,20.7,49,1412,69.3,24.4,1000.8,1006.4,839,1003.5,1637,1005.3,13.1,12,1100,3.15,24.34,,,,,,.6,.6,33.5,21.3,28.9,28.5,28.4,28.2,27.9,26.7,25.2,20.3,15.7,5.1,7.3,,
119,2024-08-31,26.1,21.2,558,31.9,1445,,,,,,,6.5,230,1540,4.3,230,1543,1.6,1391,20.5,49,1429,73.3,24.1,1002.3,1008.1,2345,1005.4,1521,1006.8,13,11.2,1200,3.22,23.7,,,,,,1.5,.8,33,19.6,28.8,28.4,28.3,28.1,28,26.7,25.1,20.3,15.7,,,,
119,2024-09-01,25.8,22.8,621,30.9,1421,,,,,,,6.5,320,1640,3.7,230,1043,1.7,1453,20.5,45,1422,74.8,24.2,1003.3,1008.5,844,1006.3,1542,1007.8,13,6.6,1100,2.9,20,,,,,,4.8,2.3,32.4,21.2,28.5,28.3,28.3,28.1,28,26.7,25.1,20.4,15.8,3.8,5.4,2.4,
119,2024-09-02,24.7,21.5,200,28.2,1456,4.98,1.3,639,2.1,549,2.6,6.6,90,2351,3.7,110,1409,1.7,1443,19.6,49,1418,74.9,22.9,1005,1012.1,2345,1007.7,412,1009.5,12.9,.3,1400,1.65,7.6,,,,,,7.9,6.4,26.1,19.9,26.5,27,27.6,27.8,27.6,26.7,25.1,20.4,15.8,2.5,3.6,.2,
119,2024-09-03,26.9,23.5,519,31,1507,,,,,,,7.1,90,952,5.1,110,932,2.6,2216,17.7,49,1416,57.9,20.4,1007.3,1014.1,956,1009.7,1838,1011.8,12.9,9.2,1200,3.19,22.27,,,,,,4.4,4.3,31.8,21.5,27.3,27.1,27.2,27.2,27.1,26.6,25.1,20.5,15.9,5,7.1,,
119,2024-09-04,26.8,22.4,507,31.8,1623,,,,,,,6.8,160,1304,3.4,90,232,2,1758,18.7,45,1610,62.5,21.7,1005.1,1011.9,704,1007,1650,1009.6,12.9,11.1,1200,3.09,22.84,,,,,,2.9,2.9,32.9,19.7,28.1,27.8,27.6,27.5,27.3,26.5,25.1,20.5,15.9,4.7,6.7,,
119,2024-09-05,26.3,24,612,29.7,1316,1.05,5,1554,5.2,1508,5.2,9.2,230,1453,5.5,250,1456,2.1,1827,22.2,57,1104,79,26.8,1003.3,1008.9,1,1006.2,1445,1007.8,12.8,2.6,1100,2.14,12.4,,,,,,8.8,7.6,29.5,22.7,27.9,27.9,27.9,27.7,27.7,26.4,25.1,20.6,15.9,2.3,3.3,5.5,
119,2024-09-06,24.3,23.3,2340,26.3,1526,4.48,.2,848,.5,840,.9,6.3,90,1240,3.8,90,1449,1.9,1669,21.3,73,1530,83.9,25.4,1007,1013.3,2106,1008.6,18,1011.5,12.8,.4,1500,1.35,5.66,,,,,,9.8,7.9,25.7,23.4,26.6,27,27.3,27.4,27.5,26.4,25,20.6,15.9,1.7,2.4,.6,
119,2024-09-07,25.9,22.4,615,30.8,1501,,,,,,,5.3,250,1329,3.5,90,32,1.6,1372,20.7,48,1527,74.6,24.4,1009,1014.6,2329,1012.1,1610,1013.5,12.7,8.4,1300,2.79,18.92,,,,,,3.8,3.8,30.1,21.1,27.1,26.9,26.9,27,26.8,26.4,25.1,20.7,16,3.7,5.3,,
119,2024-09-08,25.9,21.7,454,31.6,1539,,,,,,,5.4,290,1600,3.2,270,1647,1.2,1072,20.8,45,1542,75.4,24.5,1009.3,1015.4,644,1012,1558,1013.8,12.7,10.7,1100,3.08,21.46,,,,,,2.5,2.4,31.6,20.5,27.7,27.5,27.3,27.2,27,26.3,25.1,20.8,16.1,4.2,6,,
119,2024-09-09,27.5,22.4,323,33,1518,,,,,,,6.4,290,1646,4.1,290,1651,1.5,1260,22,53,1520,73.9,26.5,1008.5,1014.4,740,1011.2,1614,1013.1,12.7,9,1300,2.73,19.82,,,,,,2.4,2.4,32.3,21.5,28.5,28.1,27.8,27.5,27.3,26.3,25,20.8,16.1,4,5.8,,
119,2024-09-10,28.3,24.1,515,33.8,1431,,,,,,,6.3,250,1530,3.6,270,1557,1.4,1199,22.3,54,1417,71.1,26.9,1009,1014.7,2302,1011.7,1618,1013.5,12.6,9.3,1100,2.78,18.64,,,,,,1.8,1.8,32.8,22.8,29.2,28.7,28.3,28,27.7,26.3,25,20.9,16.2,3.9,5.6,,
119,2024-09-11,27.1,24.1,607,33.9,1150,4.62,.7,1913,2.1,1845,2.9,8.2,160,1352,4.8,140,1356,1.3,1111,23.3,51,1151,81.5,28.7,1011.4,1017.3,2127,1014.4,34,1015.9,12.6,5,1100,2.78,11.64,,,,,,6.5,4.9,28.7,22.7,28.7,28.5,28.4,28.1,28,26.4,25,20.9,16.2,2.2,3.2,15.9,
119,2024-09-12,25.7,25,710,26.5,1006,11.72,7.7,1515,12.5,1430,34.8,4.7,230,1255,2.8,140,1112,1.1,963,24.6,91,1011,94.1,30.9,1010.5,1016.8,1,1013.5,2348,1015,12.5,0,900,.71,3.99,,,,,,10,6.9,26.9,24.8,27.5,27.8,27.9,27.9,27.8,26.5,24.9,20.9,16.2,.9,1.3,22,
119,2024-09-13,26.3,24.7,338,29.4,1143,10.32,.6,1903,1.3,1818,3.7,6,200,1053,3.6,180,1147,1.6,1408,24.2,68,1211,88.9,30.2,1004.7,1013.5,1,1007,1841,1009.2,12.5,.5,1000,1.72,7.46,,,,,,9.8,6.6,26.8,24.4,27.2,27.3,27.5,27.5,27.4,26.5,25.1,20.9,16.2,1.6,2.2,3.7,
119,2024-09-14,27,24.8,2324,31,1640,.55,.2,,.2,,.2,5.5,290,1259,3.5,290,1258,1.4,1169,24.2,64,1643,85.3,30.1,1001.9,1007.6,2223,1004.6,1604,1006.4,12.5,4.2,1400,1.92,12.85,,,,,,5.5,5.1,28.8,23.9,27.7,27.6,27.6,27.5,27.3,26.5,25.1,21,16.3,2.6,3.7,,
119,2024-09-15,27.5,23.8,436,32.3,1330,,,,,,,9,70,1848,4.7,90,1515,2.2,1892,22.5,59,1333,75.4,27.4,1005.4,1013.9,2328,1007.3,1,1009.9,12.4,7.6,1300,2.29,15.17,,,,,,2.3,1.8,27.7,23.1,27.9,27.9,27.8,27.7,27.5,26.4,25.1,21,16.4,3.9,5.5,1.9,
119,2024-09-16,27.6,23.3,254,32.3,1644,.78,1.9,247,1.9,157,1.9,8.9,90,428,5.1,110,107,2.9,2511,21.3,58,1418,69.1,25.5,1010.8,1016.5,2259,1013.7,37,1015.3,12.4,7.5,1300,2.62,18.96,,,,,,7.9,6.5,27.9,21.2,27.3,27.4,27.5,27.5,27.3,26.4,25.1,21.1,16.4,3.9,5.6,,
119,2024-09-17,28.8,26.1,628,33.6,1332,,,,,,,6,320,1635,3.9,290,1642,1.4,1239,23.8,54,1335,75.4,29.5,1010.4,1016.5,820,1013,1613,1014.9,12.4,5.5,1200,2.74,16.37,,,,,,6.4,5.3,30.9,25,28.8,28.6,28.2,28,27.6,26.4,25,21.1,16.4,3.4,4.9,,
119,2024-09-18,29.1,25.2,508,34,1447,,,,,,,7,180,2130,3.9,180,2131,1.6,1352,24,53,1439,75.8,29.9,1009.3,1015,2129,1011.5,1609,1013.8,12.3,8.4,1400,2.6,18.41,,,,,,6,3.6,32.6,24.5,29.3,29,28.7,28.4,28.1,26.5,25.1,21.2,16.5,3.8,5.4,,
119,2024-09-19,28.4,25.4,612,33,1600,,,,,,,4.4,230,1342,2.6,160,1109,1.3,1081,23.7,59,1547,76.1,29.2,1009.6,1015.8,850,1012.3,1654,1014.1,12.3,3.1,1100,1.94,13.5,,,,,,8.8,5.9,30.2,24.6,29.1,29,28.8,28.6,28.3,26.6,25.1,21.2,16.5,2.6,3.8,18.5,
119,2024-09-20,24.8,19.6,2359,27.7,914,17.77,11.9,2219,45.2,2154,94.8,8.1,140,1017,4.6,70,2325,1.9,1683,23.4,82,916,92.9,29,1005.6,1013.9,233,1007.3,2126,1010.1,12.2,.1,1100,.83,3.79,,,,,,9.8,7.1,26.7,19.8,27.6,28.1,28.4,28.4,28.3,26.7,25.1,21.2,16.5,.9,1.2,123,
119,2024-09-21,19.4,17.1,815,22.1,1638,11.82,10.7,815,24,740,72.4,9.9,90,1233,5.2,70,1623,2.7,2301,16.4,69,2320,83.5,18.6,1002.9,1008.9,2229,1006.4,1524,1007.5,12.2,0,1400,1.12,5.08,,,,,,9.5,7.3,21.3,17.1,22.8,24,25.5,26.4,25.4,26.6,25.1,21.3,16.5,1.4,1.9,25.7,
119,2024-09-22,21,16.5,523,25.4,1336,,,,,,,7.1,70,1124,3.7,90,2201,2.1,1857,14.5,54,1251,67.6,16.5,1008.4,1017.1,2353,1008.7,1,1013,12.2,4,1200,2.89,15.18,,,,,,5.3,5.3,21.9,14.7,22.9,23.4,24.2,24.9,25,26.3,25.3,21.4,16.6,3.2,4.6,,
119,2024-09-23,20.5,15.9,617,25.6,1540,,,,,,,7.5,90,1602,4.6,90,1116,2.2,1939,12.3,41,1617,60.6,14.3,1013.4,1019.9,920,1016,1602,1018.1,12.1,10.2,1200,2.98,21.02,,,,,,1.6,.9,22.8,13.3,22.7,23.2,24,24.6,24.8,25.9,25.2,21.4,16.6,4.2,6,,
119,2024-09-24,20.5,15.7,637,26.1,1540,,,,,,,6.3,110,334,3.8,90,249,2,1732,12.2,39,1400,61.3,14.3,1011.9,1018.7,24,1014.4,1552,1016.5,12.1,10.6,1200,2.97,21.13,,,,,,2.5,.5,24,12.4,22.5,22.9,23.7,24.2,24.4,25.5,25.1,21.4,16.7,4,5.6,0,
119,2024-09-25,23,17.4,11,27.7,1450,.63,0,,0,,0,5.7,90,619,3.7,90,619,1.5,1295,17,52,1502,70.1,19.5,1009.8,1016.4,957,1012.5,1601,1014.4,12,5.3,1200,2.76,13.97,,,,,,7.6,5.6,25.4,15.2,23.3,23.5,23.9,24.2,24.3,25.2,25,21.5,16.7,2.5,3.5,0,
119,2024-09-26,23.1,20,2327,27.9,1455,.63,0,,0,,0,5.8,250,1715,3.5,250,1638,1.2,1055,18.8,54,1401,78,21.7,1008.5,1014.5,828,1011.3,1506,1013.1,12,6.7,1000,2.08,14.11,,,,,,5,2.9,26.1,17.9,24.5,24.5,24.6,24.7,24.6,25.1,24.9,21.5,16.8,2.6,3.8,,
119,2024-09-27,22.5,17.9,550,27.6,1631,,,,,,,6.3,50,2007,3.6,50,2012,1.3,1138,16.9,47,1702,73,19.3,1009.5,1015.9,2359,1012.4,1458,1014,12,7.6,1200,2.83,15.48,,,,,,2.1,1.6,24.4,15.9,23.9,24.1,24.4,24.6,24.7,25,24.7,21.5,16.8,3.3,4.8,,
119,2024-09-28,23.6,19.6,631,27.9,1426,,,,,,,8.1,140,1159,5,110,1207,2.7,2326,15.4,50,1324,61,17.6,1013.7,1020.4,2250,1015.8,3,1018.3,11.9,9.2,1200,2.83,18.64,,,,,,3.5,2.8,26.9,16.7,23.9,24,24.3,24.5,24.6,24.9,24.6,21.5,16.9,4.2,6,,
119,2024-09-29,23.7,19.5,518,28.4,1457,,,,,,,7.9,90,1029,5.1,90,1037,2.9,2497,15.2,48,1459,59.6,17.3,1015.2,1022.1,653,1017.5,1552,1019.9,11.9,10.3,1200,2.81,19.45,,,,,,3.8,3.5,28.1,17.5,24.1,24.2,24.4,24.6,24.8,24.8,24.4,21.5,16.9,4.4,6.3,,
119,2024-09-30,22.3,17.5,616,28.3,1547,,,,,,,5.9,110,835,3.6,110,822,1.9,1682,14.4,42,1434,62.6,16.5,1011.3,1019.5,38,1013,1654,1015.9,11.8,10.4,1200,2.66,19.21,,,,,,3.9,1.8,27.4,14.2,24,24.1,24.4,24.5,24.5,24.7,24.4,21.5,16.9,3.7,5.2,6.1,
119,2024-10-01,17.7,12.3,2356,20.5,1,3.33,2.8,818,5.4,739,6.7,7.1,320,1020,4.4,290,1325,2.1,1792,12.9,51,1727,74.8,15.3,1007.8,1016.6,2217,1010,522,1012.4,11.8,1.5,1400,1.28,6.57,,,,,,6.6,2.9,19.7,8.9,21.8,22.6,23.6,24.1,24.6,24.6,24.3,21.5,16.9,1.6,2.3,.6,
119,2024-10-02,13.9,10,2356,19.3,1559,,,,,,,7.4,290,1234,4.9,320,1641,2.1,1797,4.2,27,1642,55.8,8.4,1014.5,1022.3,2332,1016.1,41,1019.3,11.8,9.1,1200,2.91,19.12,,,,,,2.9,0,18.1,7,18.5,19.6,21.2,22.3,22.8,24.4,24.1,21.4,16.9,3.7,5.2,,
119,2024-10-03,14.5,8,523,21.5,1242,,,,,,,5.5,180,1642,3.5,160,1612,1.4,1205,8.1,39,1246,67.9,10.9,1017.7,1023.4,739,1021.2,1507,1022.5,11.7,6.2,1200,3.06,14.59,,,,,,2.8,2,16.9,6,18,18.8,20.1,21.1,21.7,24.1,24.2,21.6,17,2.6,3.7,,
119,2024-10-04,16.1,10.1,545,23.5,1624,,,,,,,5,90,1106,2.9,90,1103,1.2,1036,8.9,31,1603,67.1,11.4,1019.6,1025.7,820,1022.6,1543,1024.4,11.7,11,1200,2.83,19.77,,,,,,.1,.1,21.3,7.3,18.7,19.1,20,20.7,21.2,23.6,24.1,21.6,17,3.6,5.1,,
119,2024-10-05,16.7,10.3,620,23.9,1440,,,,,,,4.4,70,1227,2.8,70,1231,1.2,1013,9.7,35,1447,66.9,12,1018.6,1025.1,824,1021.3,1549,1023.3,11.6,10.7,1100,2.6,18.04,,,,,,3.3,0,21.4,7.9,18.9,19.3,20.1,20.6,21,23.2,23.8,21.6,17.1,3,4.3,,
119,2024-10-06,15.3,11.2,451,18.1,1410,3.22,.1,,.1,,.2,3.4,50,1239,2.1,320,741,.9,812,11.9,66,1057,80.8,14,1016.3,1023.1,933,1019.6,1348,1021,11.6,0,1300,.61,3.95,,,,,,8.9,6.6,16.9,8.9,18,18.8,19.8,20.5,21,22.9,23.6,21.5,17.1,.9,1.2,.2,
119,2024-10-07,16.6,13.5,431,20.6,1405,,,,,,,5.4,290,1228,3.6,290,1233,1.2,1035,12.1,55,1425,76.1,14.1,1013.2,1019.9,105,1016,1722,1017.9,11.6,1.7,1100,1.79,9.56,,,,,,8.5,5.6,18.4,11.5,18.7,19,19.7,20.2,20.5,22.7,23.5,21.5,17.1,1.7,2.4,,
119,2024-10-08,17,11.7,640,23,1441,,,,,,,4.4,110,1028,2.5,140,1030,.9,766,12.5,46,1434,77.1,14.5,1012.5,1018.5,2312,1015.4,1441,1017.2,11.5,8,1100,2.62,15.34,,,,,,1.3,.8,21.3,9.2,19,19.2,19.7,20.2,20.5,22.5,23.3,21.6,17.2,2.7,3.8,,
119,2024-10-09,17.9,12.8,436,23.6,1638,,,,,,,6.4,90,1056,4,110,1030,1.4,1206,11.6,44,1539,69,13.7,1011.8,1018.7,642,1014.3,1611,1016.4,11.5,9.4,1200,2.55,16.49,,,,,,4.4,1.1,20.6,9.4,19.2,19.5,20,20.3,20.6,22.3,23.1,21.6,17.2,3.1,4.4,,
119,2024-10-10,17.9,14.2,2357,23.8,1610,,,,,,,5.4,140,1044,4.1,110,859,1.8,1560,11.3,43,1625,67,13.4,1010.7,1016.4,933,1013.5,1429,1015.4,11.5,7.5,1300,2.64,14.65,,,,,,3.9,2.6,21.4,11.5,19.6,19.8,20.2,20.5,20.7,22.2,22.9,21.6,17.2,2.6,3.7,,
119,2024-10-11,17.2,12.5,514,23.8,1525,,,,,,,5.3,230,1530,3.3,270,1720,1.2,1003,11.7,41,1556,73,13.8,1013.9,1021.6,2357,1016.2,1,1018.6,11.4,9,1100,2.41,14.87,,,,,,.9,.9,20.5,10,19.2,19.5,20,20.4,20.6,22.1,22.8,21.5,17.3,2.6,3.7,,
119,2024-10-12,16.6,11.5,433,23.9,1433,,,,,,,4.8,230,1335,3.2,250,1335,1.2,998,9.7,35,1415,68.1,12.1,1018.6,1024.7,811,1021.6,1,1023.4,11.4,10.3,1200,2.61,17.29,,,,,,0,0,21.4,8.4,18.9,19.2,19.8,20.2,20.5,22,22.7,21.5,17.3,3.2,4.6,,
119,2024-10-13,17.5,10.2,502,22.7,1240,,,,,,,6.8,140,1247,4.3,140,1255,1.8,1577,11.1,41,1328,68.3,13.3,1018.7,1025.1,825,1021.9,1622,1023.4,11.3,4.8,1000,1.77,11.12,,,,,,5.9,2.5,18.6,7.3,18.2,18.6,19.3,19.9,20.2,21.9,22.6,21.5,17.4,2.4,3.4,0,
119,2024-10-14,19,16.7,255,21.3,1458,3.2,0,,0,,0,5.6,140,1610,3.6,90,711,1.8,1587,13,49,1526,68.8,15,1014.8,1022.8,1,1017.4,2157,1019.5,11.3,0,1100,.83,4.78,,,,,,9.6,8.5,19,13.6,19,19.3,19.7,19.9,20.2,21.7,22.4,21.5,17.4,1.3,1.8,5.3,
119,2024-10-15,18.5,16.2,2355,21.5,1519,11.58,.6,140,1.6,53,6.3,3.3,270,1803,2.3,110,1021,1,884,16.4,76,1500,88.4,18.7,1013.5,1020.8,2341,1016.3,511,1018.2,11.3,0,1400,.83,5.08,,,,,,7.3,5,19.6,13.6,19.6,19.7,19.9,20.1,20.3,21.5,22.3,21.5,17.4,.9,1.3,1,
119,2024-10-16,17.3,13.7,624,24.1,1510,,,,,,,4.6,70,1009,3.2,110,1014,1,827,13.7,46,1445,82.1,15.7,1018.2,1024.4,943,1020.7,30,1022.9,11.2,6.2,1200,2.48,13.3,,,,,,3,.8,19.6,11.3,19.2,19.5,19.9,20.2,20.2,21.5,22.2,21.4,17.4,2.3,3.3,,.43
119,2024-10-17,18.6,12.7,329,24.8,1432,,,,,,,5.3,110,1449,3.4,140,1451,1.4,1239,13,34,1524,72.8,15,1017.4,1024.6,928,1019.9,1741,1022.1,11.2,8.6,1200,2.42,15.1,,,,,,4.1,.5,20.2,10.8,19,19.3,19.7,20,20.1,21.4,22.1,21.4,17.5,3,4.3,0,
119,2024-10-18,17.8,16.9,1303,19.2,906,12.62,5.6,1300,15.7,1213,55,6.4,90,1318,3.1,90,1432,1.7,1446,15.3,72,46,86,17.4,1009.1,1020.6,1,1009.5,1509,1013.8,11.1,0,900,.25,1.19,,,,,,9.5,7.4,17.5,14.6,18.5,18.9,19.6,20,20.2,21.4,22,21.4,17.5,.5,.8,64.4,
119,2024-10-19,16.9,12.9,2358,20.6,1311,2.95,9.1,2,13.6,-2331,9.4,10.5,90,2126,5.9,90,1905,2.8,2451,11.8,58,1858,73.1,14.1,1014.3,1028.5,2354,1009.9,46,1019,11.1,1.9,1000,1.9,7.04,,,,,,7.3,7.3,17.5,10.7,18.6,18.8,19.2,19.5,19.4,21.1,21.9,21.4,17.5,2.2,3.2,,
119,2024-10-20,13.5,10.9,617,17.4,1553,,,,,,,11.1,90,1019,6.8,110,1009,3.8,3322,3.8,39,1532,52.8,8,1025.8,1033.4,845,1028.5,1,1030.6,11.1,10.3,1200,2.48,16.58,,,,,,1.4,0,14.3,7.7,15.9,16.8,17.9,18.7,19,21,21.8,21.3,17.5,3.2,4.5,,
119,2024-10-21,14.8,9.3,232,19.5,1429,2.93,.3,2256,.8,2213,.9,5.1,90,751,3.5,110,741,1.7,1455,8.5,50,1439,66.9,11.3,1019.5,1028.9,50,1021.3,2357,1024.3,11,1.4,1200,1.92,9.34,,,,,,8.9,7.5,14.7,6,15.5,16,17,17.7,18,20.7,21.7,21.2,17.5,1.7,2.4,4,
119,2024-10-22,15.7,14.6,325,16.7,1902,20.4,1.4,1819,2.7,1753,16.4,9.7,270,2309,4.6,270,2311,1.4,1204,14.4,84,47,92.4,16.4,1010.1,1021.6,122,1010.7,2129,1014.9,11,0,1300,.21,1.36,,,,,,10,7.9,16.4,14.3,16.8,17.1,17.6,18,18.2,20.4,21.5,21.2,17.6,.7,1,14.8,
119,2024-10-23,12.8,8.7,2356,16,1520,6.28,.6,18,1.1,-2331,1.5,12.9,290,20,5.8,270,1345,3.2,2742,8,57,1430,73.4,10.7,1012.3,1021.5,2350,1011,1,1017.1,11,3.4,1300,2.43,10.63,,,,,,5.6,5,15.4,6,15.9,16.4,17.2,17.7,18.1,20.2,21.4,21.2,17.6,1.9,2.7,,
119,2024-10-24,11.6,5.6,504,18.1,1449,,,,,,,7.9,320,1423,4.5,320,1248,1.6,1359,6.7,45,1346,74.6,9.8,1018.3,1025.4,2346,1021.4,1421,1023.1,10.9,10.1,1200,2.39,15.39,,,,,,0,0,14.2,3.2,14.2,14.9,16,16.8,17.3,20,21.2,21.2,17.7,2.5,3.6,,
119,2024-10-25,14.1,7.3,559,21.4,1414,,,,,,,6.2,110,1042,3.8,110,1047,1.4,1173,7,29,1403,67.4,10.1,1020.4,1027.3,923,1023.9,1423,1025.1,10.9,8.4,1200,2.4,14.73,,,,,,3.4,0,14.8,4.4,14.5,14.9,15.7,16.4,16.8,19.7,21.1,21.1,17.7,2.6,3.7,,
119,2024-10-26,16.5,9.2,657,23.1,1451,,,,,,,6.3,90,1143,4.3,110,1524,1.5,1312,10.7,48,1326,70.6,12.9,1016.1,1024.6,57,1018.1,1739,1020.9,10.8,10,1200,2.38,15.37,,,,,,2.3,.4,16.9,6.2,15.8,15.9,16.2,16.6,17,19.5,21,21.1,17.7,2.7,3.9,,
119,2024-10-27,15.4,12.8,2400,19.3,1200,2.62,.2,,.5,1620,.8,5.1,290,1403,3.2,270,1329,1.2,1073,12.1,61,1407,81.9,14.2,1009.8,1019.3,1,1012,1511,1014.6,10.8,.4,1000,1.3,5.93,,,,,,8.8,3.9,15.4,9.7,16.2,16.5,16.8,17.2,17.4,19.3,20.8,21.1,17.7,1.1,1.6,.8,
119,2024-10-28,16,11.6,135,19.8,1451,,,,,,,8.7,90,1949,5.1,90,2005,1.9,1653,11.1,58,1453,74.6,13.3,1010.9,1018.8,2356,1013.4,1,1015.6,10.8,2.3,1200,1.96,8.62,,,,,,7.9,7.9,16.6,8.8,16.4,16.5,16.9,17.2,17.4,19.3,20.6,21,17.7,2.1,3,,
119,2024-10-29,15.5,13.4,623,19.3,1637,,,,,,,6.9,140,1134,4.3,90,10,2.2,1896,8.3,46,1127,63.6,11,1014.2,1020.3,2221,1017.6,1727,1019,10.7,2.1,1100,2.16,9.32,,,,,,6.1,5,15.6,10.5,16.3,16.7,17.1,17.4,17.6,19.2,20.4,20.9,17.7,1.7,2.5,,
119,2024-10-30,14.7,9.9,706,21.6,1503,,,,,,,5.6,290,1615,3.6,270,1604,1.3,1100,9.2,39,1446,72.8,11.7,1018.1,1024.6,2356,1020.2,1,1022.9,10.7,9.8,1200,2.28,14.15,,,,,,.8,.5,17,6.9,16.1,16.4,16.8,17.2,17.5,19.2,20.4,20.9,17.8,2.5,3.5,,
119,2024-10-31,14.9,9.1,654,22.6,1544,,,,,,,5.9,90,1107,3.6,140,1046,1.2,1025,8.8,34,1532,71,11.3,1018.5,1025.4,859,1021.4,1512,1023.3,10.7,9.9,1200,2.22,14.22,,,,,,1.6,.3,16.6,5.9,15.6,15.9,16.5,16.9,17.2,19.1,20.2,20.9,17.8,2.4,3.5,,
119,2024-11-01,14.6,11.3,41,18.1,1435,,,,,,,3.2,70,1618,2.3,110,1241,.9,777,10,52,1451,75.3,12.3,1015,1023.3,902,1016,2332,1019.7,10.6,0,1300,.88,4.65,,,,,,9.8,1.6,14.6,8.9,15.3,15.7,16.3,16.8,17.1,18.9,20.1,20.8,17.8,1,1.5,,
119,2024-11-02,17.1,11,630,24.1,1555,,,,,,,6.8,50,1020,3.7,50,1229,1.3,1093,10.2,39,1530,66.5,12.4,1013.6,1023.1,2318,1015.3,329,1018.3,10.6,9.9,1200,2.19,13.8,,,,,,1.3,.8,17.9,7.6,16.1,16.2,16.5,16.8,17.1,18.9,20.1,20.8,17.9,2.5,3.6,,
119,2024-11-03,16.9,12,422,23.1,1436,.17,0,,0,,0,6.7,230,1458,4.1,290,1620,1.9,1651,11.4,47,1412,71.4,13.5,1017.1,1024,825,1020.1,1526,1021.9,10.6,8.1,1200,2.18,12.83,,,,,,2,2,16.8,7.8,16.2,16.3,16.7,16.9,17.1,18.8,20,20.7,17.8,2.3,3.3,1,
119,2024-11-04,14.6,8.5,2351,19.6,1117,3.43,,,,,1,9.7,320,1543,5.7,290,1529,2.3,1959,6.9,29,1327,63.4,10.7,1016.3,1024,2400,1018.8,637,1021,10.5,7.2,1100,1.89,11.64,,,,,,5.4,2.4,17,4.9,16.2,16.5,16.9,17.2,17.4,18.7,19.9,20.7,17.9,2.6,3.8,,
119,2024-11-05,9.4,5.4,2333,15,1433,,,,,,,8.2,320,2015,5.1,320,1956,2.1,1854,-1.3,29,1924,49.1,5.7,1017.9,1024.7,2326,1020.3,1418,1022.8,10.5,8.7,1200,2.18,12.85,,,,,,2.8,0,12.2,-.1,13,14,15.3,16.1,16.6,18.6,19.7,20.6,17.8,2.6,3.7,,
119,2024-11-06,6.8,1.9,525,12.5,1439,,,,,,,7.1,290,1047,4.1,290,1051,1.8,1546,-3.8,20,1354,49.5,4.6,1022,1029.3,2254,1024.4,15,1026.9,10.5,9.8,1200,2.3,14.28,,,,,,0,0,10.2,-1.9,10.7,11.7,13.4,14.6,15.4,18.5,19.6,20.5,17.9,2.6,3.7,,
119,2024-11-07,6.8,-.1,712,15.5,1501,,,,,,,4.6,250,1215,2.3,230,1236,1.1,952,-1.6,24,1614,59.4,5.4,1025.4,1032,839,1028.9,1521,1030.4,10.4,9.7,1200,2.21,13.72,,,,,,0,0,9.7,-3.4,9.8,10.7,12.2,13.3,14.2,18,19.5,20.4,17.9,2.1,3,,
119,2024-11-08,8.9,1.3,419,18.2,1517,,,,,,,3.6,110,1110,2.1,90,1105,1,865,1.2,27,1536,62.3,6.7,1023.6,1030.8,1,1026.3,1620,1028.5,10.4,9.6,1200,2.15,13.26,,,,,,1.1,.6,10.9,-2,10.1,10.8,11.9,12.8,13.6,17.5,19.3,20.4,17.9,2.2,3.1,,
119,2024-11-09,11.9,5.3,650,20.1,1454,,,,,,,4,140,1404,2.5,110,1234,.9,801,5.4,37,1333,67.5,9,1021.9,1028.7,805,1025.3,1708,1026.8,10.4,8.7,1200,2.09,12.41,,,,,,3.1,.3,12.8,1.7,11.6,11.9,12.5,13.1,13.7,17.2,19.2,20.4,17.9,2,2.9,,
119,2024-11-10,13.1,8.6,20,20.7,1435,,,,,,,4.5,230,1429,2.7,270,1456,1.1,963,8.3,44,1415,75.4,11,1017.8,1026,1,1019.9,1500,1022.6,10.3,6.8,1200,2.1,10.84,,,,,,3.8,1.5,14.8,5.4,12.9,13,13.3,13.7,14,16.9,18.9,20.3,17.9,1.9,2.8,,
119,2024-11-11,13,7.3,446,20.8,1501,,,,,,,4.9,250,1619,3,250,1628,.9,781,8,38,1446,75.8,10.8,1015.7,1022.8,834,1017.9,1614,1020.5,10.3,9.2,1200,1.99,11.87,,,,,,1.5,1,14.3,4.1,13.1,13.3,13.7,14.1,14.4,16.9,18.8,20.2,17.9,2.2,3.1,,
119,2024-11-12,13.1,8.6,2400,18.8,1451,,,,,,,6.2,290,1558,3.8,290,1027,1.4,1232,7.9,36,1255,73.8,10.7,1015.4,1022.1,2355,1018.6,1437,1020.2,10.3,9.2,1200,2.09,12.37,,,,,,2.4,2.4,14.9,4.4,13.6,13.7,14,14.4,14.7,16.8,18.6,20.2,17.9,2.1,3,,
119,2024-11-13,12.8,6.3,550,20,1421,,,,,,,6.6,160,1222,4.3,140,1213,1.4,1172,7.4,42,1525,72.8,10.3,1017.8,1024.1,858,1021.2,1451,1022.6,10.2,8.8,1100,1.94,11.66,,,,,,2.5,2.1,13,2.5,12.7,13.1,13.7,14.1,14.5,16.8,18.5,20.1,17.9,2.1,3,,
119,2024-11-14,14.7,11.1,1,17.9,1349,,,,,,0,4.7,160,1121,3.4,140,1128,1.1,940,8.7,53,1305,68,11.2,1015.9,1022.9,203,1018.6,1720,1020.7,10.2,0,1200,.94,4.14,,,,,,9.1,4.6,13.5,8.4,13.5,13.6,13.9,14.2,14.6,16.7,18.3,20.1,17.9,.9,1.3,6.4,
119,2024-11-15,15.9,12.3,106,20.5,1544,2.93,,,,,6.4,6.3,140,1504,4.5,140,1509,1.7,1431,10.2,47,1502,70.8,12.5,1014.3,1020.6,811,1017,1513,1019.1,10.2,5.9,1300,1.81,9.57,,,,,,6.6,4.8,15.7,8.7,14.6,14.5,14.6,14.7,14.9,16.7,18.2,20,17.9,2,2.9,0,
119,2024-11-16,16.8,13.3,733,22.2,1304,4.67,,,,,4.3,7.7,320,1550,4,290,1551,1.8,1580,11.6,44,1315,73.4,13.7,1011.8,1019.6,250,1013.7,1413,1016.5,10.2,5.2,1100,1.88,9.13,,,,,,8.3,6.9,15.7,9.3,15.5,15.3,15.3,15.3,15.5,16.8,18.2,20,18,2,2.8,4.3,
119,2024-11-17,7.6,3,2359,15.1,1,,,,,,,9.8,320,607,6.2,320,523,3.8,3300,-4.4,30,1517,44.4,5,1019.3,1030.5,2342,1016.3,9,1024.2,10.1,3.1,1400,1.47,6.9,,,,,,4.5,4,9.8,.4,12.2,13.3,14.5,15.1,15.6,16.7,18,19.8,17.9,2.5,3.6,,
119,2024-11-18,2.7,-1.4,2351,7.6,1535,,,,,,,9.9,320,242,5.3,290,827,2.5,2199,-12.9,19,1505,32.5,2.3,1027.8,1034.6,857,1030.5,1,1032.9,10.1,9.3,1200,2.15,13.01,,,,,,.5,0,4.2,-5.6,7.3,8.7,10.9,12.4,13.4,16.6,17.9,19.7,17.8,2.2,3.2,,
119,2024-11-19,4.3,-2,230,12,1415,,,,,,,5.4,90,1022,3.9,110,1036,1.1,984,-3.7,34,1526,57.9,4.7,1025.3,1034.2,212,1027.6,2400,1030.3,10.1,6.7,1200,1.81,9.99,,,,,,4.3,2.3,5,-6.1,6.6,7.6,9.3,10.7,11.8,16.2,17.8,19.6,17.9,1.4,2.1,,
119,2024-11-20,5.4,-.1,507,9.3,1317,1.62,,,,,.2,3.3,90,1206,2.5,180,1427,1,845,.7,47,1146,73.3,6.5,1020,1027.7,16,1023.1,2357,1025,10.1,.7,1100,1.21,4.37,,,,,,6.6,5.6,5,-3.6,7,7.9,9.2,10.3,11.2,15.6,17.6,19.5,17.9,.8,1.1,.2,
119,2024-11-21,9,3.4,611,13.6,1536,1.3,,,,,0,9,250,1939,4.3,290,2347,1.4,1191,3.8,45,2345,71.9,8.1,1015.7,1023.2,1,1018.8,1440,1020.5,10,3.1,1100,1.24,6.23,,,,,,3.1,3.1,7.8,-.8,8.6,8.9,9.7,10.4,11.1,15.1,17.5,19.5,17.9,1.4,2,0,
119,2024-11-22,6,1.6,2358,10.4,1358,,,,,,,7.3,320,14,4,320,1035,2,1708,-4.4,31,1508,48.6,4.5,1019,1026.6,2214,1020.4,1,1023.9,10,9.4,1200,2,11.93,,,,,,0,0,7,-4,8.1,8.8,9.8,10.5,11.3,14.9,17.3,19.5,17.9,1.9,2.7,,
119,2024-11-23,5,-1.1,551,12.5,1538,,,,,,,5.2,110,1051,3.4,110,1056,1.2,1003,-3.6,29,1255,57.5,4.7,1023.2,1029.5,2341,1026.2,50,1028.1,10,9.2,1200,1.91,11.08,,,,,,1.4,.1,6,-5.2,6.6,7.5,8.8,9.8,10.5,14.6,17,19.4,17.9,1.8,2.5,,
119,2024-11-24,5.9,-.4,709,13.6,1527,,,,,,,3.8,200,1315,2.5,110,1008,1.1,969,-.1,33,1427,68.4,6.1,1024.8,1031.3,909,1027.9,1451,1029.8,10,9.2,1200,1.95,11.62,,,,,,1.3,0,6.6,-4.1,6.9,7.5,8.5,9.4,10.1,14.3,16.8,19.3,17.9,1.7,2.4,,
119,2024-11-25,10,1.1,559,16.2,1351,,,,,,,9.7,140,1842,6,110,1846,2.7,2293,2,43,1756,60.4,7.1,1018.7,1030.3,30,1014.3,2400,1023.6,9.9,6.9,1100,1.84,9.89,,,,,,5.6,1.8,8.2,-3.1,7.9,8.1,8.8,9.4,10.1,14,16.6,19.3,17.9,2.2,3.1,26.3,
119,2024-11-26,6.5,2,2121,12.7,1,16.02,,,,,35.4,15.3,250,1336,7,290,1350,3.6,3076,3.3,50,1254,80.8,7.9,1007.7,1014.9,1946,1008.8,440,1012.6,9.9,2.1,1200,1.56,5.97,,,,,,8.4,7.8,7.6,-.2,8.6,9.1,9.7,10,10.8,13.8,16.4,19.2,17.9,1,1.4,14.1,
119,2024-11-27,-.1,-1.4,1026,3.8,10,22.6,,,,,29.9,11.3,270,609,5.8,270,58,1.9,1622,-1.5,77,11,90.1,5.5,1007.3,1013.7,2122,1010.1,1416,1012.3,9.9,.3,1300,.23,.89,32.3,2348,32.3,2348,36.8,10,8.8,.8,-1.1,4.7,6,7.7,8.7,10.2,13.5,16.1,18.9,17.8,.2,.3,44,
119,2024-11-28,.8,-1.4,2350,3.5,1458,12.7,,,,,19.6,7.4,290,1336,4.6,290,1437,1.3,1146,-1.4,66,1456,85.3,5.5,1006.9,1014,2307,1010.3,1401,1011.8,9.9,2.1,1400,1.18,5.23,14.1,850,43,752,14.1,7,6,.2,-.3,3.9,5,6.6,7.5,9.2,13.2,15.9,18.9,17.8,.7,.9,.5,
119,2024-11-29,-.6,-5.2,720,4.2,1158,1.58,,,,,.9,4.1,160,1407,2.8,140,1329,1,869,-3.2,45,1036,83.6,4.9,1009,1015.9,2327,1011.5,1343,1014,9.8,5,1200,1.92,8.81,1.2,1555,23.9,1,1.2,3.1,3,.8,-.4,3.5,4.4,5.9,6.9,8.4,12.7,15.6,18.8,17.8,.9,1.3,.9,.63
119,2024-11-30,.9,-3.4,723,4.2,1640,1.52,,,,,.4,2.9,110,846,2.3,110,846,.8,733,-.8,66,1200,88.9,5.8,1011.2,1018.1,919,1014.8,1700,1016.2,9.8,2.5,900,1.23,5.12,,,18.2,1,,3.4,2.4,1.1,-.4,3.3,4.2,5.6,6.4,8.1,12.4,15.5,18.8,17.8,.5,.7,.4,
119,2024-12-01,3.4,-2.4,555,8.9,1337,1.5,,,,,.4,3.9,90,1108,2.9,90,1111,1,885,1.6,70,1334,89.3,7,1011.3,1018,1007,1014.7,1646,1016.3,9.8,2.5,1100,1.36,6.96,,,12.7,1,,5.5,2.1,2.6,-.3,3.2,3.9,5.2,6.1,7.7,12,15.2,18.7,17.8,.7,1,.4,4.27
119,2024-12-02,5.2,1.3,603,12.3,1329,,,,,,,6.5,250,1633,4,270,1622,1.4,1188,2.4,61,1937,83.4,7.4,1011.9,1021.5,2400,1014.1,1307,1016.8,9.8,4.5,1200,1.53,7.66,,,8,1,,2.4,2.4,4.2,-1.6,4.2,4.4,5.2,5.8,7.3,11.6,14.9,18.8,17.8,1.1,1.6,,6.82
119,2024-12-03,.9,-2.1,648,4.4,1527,,,,,,,8.4,290,1351,4.7,320,1312,1.8,1581,-8.7,24,1254,50.4,3.2,1019.1,1026,1105,1021.5,1,1024.2,9.8,9.1,1200,1.94,11.22,,,3.1,1,,3.8,2,2.7,-5.7,2.6,3.4,4.7,5.4,6.7,11.2,14.5,18.3,17.8,1.5,2.1,,
119,2024-12-04,1.9,-2.3,753,7.1,1410,1.78,,,,,0,8.1,320,1423,4,290,1144,1.3,1142,-4.3,32,1038,66,4.5,1017.4,1024.7,251,1020.3,1809,1022.5,9.7,9.2,1200,1.86,11.15,,,,,,2.5,2,3.3,-7,3,3.5,4.5,5.3,6.6,10.8,14.2,18.2,17.8,1.4,2,,
119,2024-12-05,3.1,-1.8,604,7.6,1512,1.62,,,,,.4,7.4,320,2342,4.1,290,2339,1.4,1236,-1.8,41,1207,71.9,5.4,1012.7,1020.3,1,1015.5,1708,1017.7,9.7,6.6,1200,1.85,8.95,,,,,,3.8,3.8,2.4,-7,3,3.5,4.5,5.2,6.5,10.5,13.9,18.1,17.8,1.3,1.8,.4,
119,2024-12-06,2.1,-.9,742,5.6,1225,.48,,,,,0,11.1,290,1459,6.6,290,1504,2.3,1949,-7.1,32,1117,51,3.6,1016.8,1025.2,2254,1017.6,1,1021.8,9.7,8.5,1200,1.88,10.57,,,,,,.8,.8,2.3,-6.5,3,3.7,4.7,5.3,6.6,10.3,13.7,18.1,17.8,1.5,2.1,,
119,2024-12-07,-.2,-4.2,626,4.2,1330,,,,,,,9.3,290,1229,5,270,1455,2.3,1948,-7.2,42,1441,60.3,3.6,1019.6,1025.8,856,1023.4,1436,1024.7,9.7,7.1,1200,1.83,10.14,,,,,,1.8,1.8,1.7,-8.7,1.9,2.6,4,4.8,6.2,10.1,13.3,17.9,17.7,1.4,2,,
119,2024-12-08,-.9,-4.6,708,4.3,1509,,,,,,,6.8,320,1234,4.3,320,1430,2,1731,-10.2,22,1424,51.5,2.8,1021.9,1028.7,1015,1024.9,2,1027,9.7,9.1,1200,1.91,11.02,,,,,,0,0,1.3,-9.6,1.1,2,3.5,4.3,5.8,10,13.2,17.9,17.8,1.3,1.9,,
119,2024-12-09,0,-5.6,508,6.9,1512,,,,,,,4.5,250,1534,3,250,1538,1.1,916,-6.2,35,1116,65.6,3.9,1020.3,1027.8,1004,1023.4,1837,1025.4,9.7,7.5,1200,1.82,9.6,,,,,,1.4,1.4,1.1,-10.1,1,1.7,3.1,3.9,5.4,9.7,13,17.8,17.7,1.1,1.6,,
119,2024-12-10,1.2,-4.2,623,6.7,1404,,,,,,,7.9,320,1436,4.8,320,1439,1.3,1091,-4.6,40,1225,68,4.3,1019.3,1026.1,901,1022.5,1511,1024.4,9.7,8.4,1200,1.79,10.51,,,,,,3.1,.6,1.8,-10.4,1.4,1.9,3,3.8,5.2,9.4,12.8,17.7,17.7,1.4,1.9,,
119,2024-12-11,2.2,-.9,2352,7.5,1343,,,,,,,3.9,250,1628,2.7,270,1639,1.2,1066,-6,32,1402,55.8,3.9,1018.2,1024.9,2324,1020.8,1420,1023.2,9.7,6.9,1200,1.63,8.59,,,,,,5.3,1.3,2.8,-6.6,2.3,2.6,3.4,4,5.2,9.2,12.6,17.5,17.7,1.2,1.7,,
119,2024-12-12,0,-4.6,745,4.9,1331,,,,,,,5.8,230,1427,4.2,250,1427,1.4,1219,-10.5,24,1307,47.3,2.8,1020.2,1027.5,946,1024.1,1521,1025.2,9.6,6.4,1200,1.85,9.34,,,,,,4.6,1.5,0,-10.6,1.3,2,3.3,4,5.3,9.1,12.4,17.4,17.7,1.4,1.9,,
119,2024-12-13,.7,-1.7,2400,4.5,1329,,,,,,,8.4,320,2146,5.1,290,1533,1.8,1594,-10.2,26,1518,45.1,2.8,1017.9,1025.3,129,1020.4,1440,1022.9,9.6,1.8,1300,1.18,5.79,,,,,,5.8,2.4,.8,-5.2,1.4,2,3.1,3.7,5,8.9,12.2,17.3,17.7,1.2,1.7,,
119,2024-12-14,-1.2,-5.6,717,2.8,1311,.15,,,,,0,9.2,320,1531,5.1,270,1409,1.9,1623,-9.3,38,1146,54.9,3,1020.5,1028.3,1000,1023.7,2245,1025.6,9.6,9,1200,1.83,10.63,,,,,,1.8,1.8,0,-11.3,.6,1.4,2.7,3.5,4.9,8.7,12,17.2,17.6,1.2,1.8,0,
119,2024-12-15,.6,-2.5,753,6.2,1434,2,,,,,0,10.2,290,1455,6.4,290,1502,2,1705,-5.8,40,2034,65.6,4.1,1016.7,1023.9,2216,1019.5,1355,1021.8,9.6,4.4,1400,1.46,7.06,,,,,,4.5,4.5,1.4,-8.2,.9,1.5,2.5,3.2,4.5,8.5,11.8,17.1,17.7,1.1,1.6,0,
119,2024-12-16,-.3,-4.7,718,3.5,1311,2.17,,,,,.3,5,320,2134,3.1,230,1358,1,842,-5.3,40,1124,70.6,4.3,1017.9,1024.7,2356,1021.2,1548,1023,9.6,3.1,1000,1.21,4.88,,,,,,4.5,4.5,-.6,-10.3,.5,1.3,2.4,3.1,4.4,8.3,11.7,17,17.6,.6,.9,.3,
119,2024-12-17,-1.4,-5.5,623,2.9,1544,,,,,,,6.4,290,1625,3.7,290,1629,1.6,1349,-9.1,31,1150,58.3,3.1,1020.9,1027.2,2311,1024.4,131,1026,9.6,4.1,1100,1.47,6.45,,,,,,2.1,2.1,-1,-11,.3,1,2.2,2.9,4.2,8.1,11.5,16.8,17.6,1,1.5,,
119,2024-12-18,-3.6,-7.2,743,0,1538,,,,,,,6.7,110,1427,3.7,320,12,1.9,1682,-13.5,31,1516,47,2.2,1022.4,1030.3,2313,1025.4,1438,1027.6,9.6,9.1,1200,1.87,10.66,,,,,,0,0,-1,-12.3,-.1,.7,1.9,2.6,3.9,7.9,11.3,16.7,17.6,1.2,1.7,,
119,2024-12-19,-2.6,-8.7,647,3.8,1553,,,,,,,4,230,1403,2.6,250,1403,.8,718,-11.8,26,1441,51.5,2.5,1024.9,1032.6,809,1027.6,2350,1030,9.6,8.1,1200,1.77,10.06,,,,,,3.3,0,-.5,-13,-.4,.4,1.6,2.3,3.6,7.7,11.1,16.6,17.5,1.2,1.7,,
119,2024-12-20,.2,-3.5,326,3,1600,3.25,,,,,1.2,4.1,180,1512,2.7,140,1428,1.1,976,-4.7,51,1044,70.1,4.4,1017.7,1027.9,34,1018.7,2352,1022.7,9.6,.3,1200,.6,3.25,.4,2350,.4,2350,,8.5,6.1,-.6,-7.7,-.3,.4,1.5,2.2,3.4,7.5,10.9,16.5,17.5,.5,.8,3.1,
119,2024-12-21,-.7,-4.4,2356,1.5,510,5.12,,,,,1.9,12.1,230,506,6.2,290,523,3,2570,-5.6,49,2343,70,4.2,1015.1,1024.9,2335,1016.2,452,1020.2,9.6,1,1100,.66,4.06,.3,445,.7,445,.3,6,5.6,-.4,-7,-.1,.5,1.5,2.2,3.4,7.3,10.8,16.4,17.5,.8,1.2,0,
119,2024-12-22,-3.8,-6.8,651,1,1520,,,,,,,9.1,320,1253,5.5,290,1127,2.3,2024,-12.7,31,1339,51.3,2.3,1023.1,1030.6,1016,1024.8,2,1028.3,9.6,9.1,1200,1.9,10.89,,,.2,1,,0,0,-1.1,-11.1,-.4,.4,1.5,2.1,3.3,7.1,10.5,16.2,17.4,1.1,1.6,,
119,2024-12-23,-.9,-7.2,333,6.5,1440,,,,,,,8.8,250,1559,4.4,270,1430,1.3,1165,-6.7,45,1446,66.4,3.7,1022,1029.1,220,1024.7,1445,1027.1,9.6,6.1,1200,1.79,8.93,,,,,,1.9,1.9,-.1,-11.8,-.5,.2,1.3,2,3.2,7,10.3,16.1,17.4,1.2,1.7,,
119,2024-12-24,-1.1,-5.8,803,4.6,1605,,,,,,,6.1,230,1220,3.2,230,1222,1,875,-9.3,22,1351,57,3.1,1023.6,1029.6,1006,1027.5,5,1028.7,9.6,8.9,1200,1.81,10.5,,,,,,2.4,.9,.3,-11.8,-.4,.2,1.3,1.9,3.1,6.9,10.2,16,17.4,1.2,1.8,,
119,2024-12-25,1.7,-3,408,6.5,1424,1.75,,,,,.3,5.5,290,1528,2.9,250,1428,1.1,932,-3.3,52,1345,69.9,4.9,1020.8,1029.3,217,1023.1,2037,1025.8,9.6,3.2,1300,1.41,6.58,,,,,,8.4,6,.9,-7.3,-.2,.3,1.3,1.9,3,6.8,10,15.9,17.4,1,1.4,.3,
119,2024-12-26,.4,-4.8,2400,4.6,431,.3,,,,,0,10.5,290,948,6.2,290,941,3.1,2669,-7.4,41,1150,56.3,3.6,1020.4,1028.7,2248,1022.8,415,1025.5,9.6,8.7,1200,1.84,10.48,,,,,,1,.3,.8,-7.7,0,.6,1.5,2,3.1,6.7,10,15.8,17.4,1.4,2,,
119,2024-12-27,-2.5,-6.4,711,1.7,1501,2.7,,,,,0,7.5,290,1223,4.5,320,1107,2.1,1832,-10.6,33,1235,54.6,2.8,1021.6,1029.5,1006,1024.3,1851,1026.7,9.6,8.1,1200,1.66,9.22,.3,2140,.3,2140,,3.5,2.8,-1.1,-11.6,-.2,.5,1.4,2,3.2,6.5,9.7,15.6,17.3,1.2,1.7,0,
119,2024-12-28,-3.1,-6.9,809,.6,1407,,,,,,,9.7,270,1454,5.1,290,1302,2.3,1953,-11.7,36,1152,52.6,2.6,1019.9,1026.7,1008,1023.8,1500,1025.1,9.6,8.6,1200,1.84,10.47,,,,,,1.4,1.4,-1.4,-11.8,-.4,.2,1.2,1.8,3,6.4,9.6,15.5,17.3,1.1,1.6,,
119,2024-12-29,.9,-4.9,758,5.7,1356,,,,,,,6,270,1415,2.5,250,1416,1,897,-5.5,37,1237,63.8,4.1,1020.3,1028,1032,1022.6,2348,1025.3,9.6,6.1,1200,1.79,8.79,,,,,,6.1,5.9,-.1,-10.6,-.3,.2,1.2,1.8,2.9,6.4,9.5,15.4,17.3,1.1,1.6,,
119,2024-12-30,5.2,1.4,109,10.2,1331,,,,,,,10.5,270,1518,6,250,1350,2,1729,-.2,48,1334,69,6.1,1014.2,1022.6,5,1016.9,2359,1019.1,9.6,2.6,1300,1.52,6.12,,,,,,7.1,5.3,2.2,-3.1,.3,.7,1.4,1.9,2.9,6.4,9.5,15.3,17.3,1.4,2,0,
119,2024-12-31,.1,-3.9,2341,4.9,38,.33,,,,,0,9.3,290,108,5.7,320,113,2.6,2251,-10.6,27,1226,46,2.8,1016.9,1023.8,2249,1016.6,28,1021.9,9.6,9.1,1200,1.91,11.07,,,,,,0,0,1.3,-9.7,.8,1.1,1.8,2.2,3.4,6.3,9.3,15.2,17.2,1.4,2.1,,
